Workbook

Sheet HD cty 2024
A1: Ký hiệu | B1: Số hóa đơn | C1: Ngày hóa đơn | D1: MST | E1: Tên công ty | F1: Địa chỉ | G1: Tiền hàng | H1: Tiền thuế | I1: Thanh toán | J1: Trạng thái hóa đơn | K1: Số đơn hàng | L1: Tên Sàn | M1: BHH | N1: Note | O1: Tiền hàng | P1: Tiền thuế | Q1: Hóa đơn điều chỉnh liên quan | R1: Tiền hàng | S1: Tiền thuế | T1: Thành tiền sau điều chỉnh | U1: Thuế sau điều chỉnh | V1: Lệch tiền hàng so với Amis | W1: Lệch tiền thuế so với Amis | X1: Hướng xử lý (Note 25,10,2026)
A2: 1C24TUV | B2: 634 | C2: 03/12/2024 | D2: 4001091085 | E2: DOANH NGHIỆP TƯ NHÂN DU LỊCH AN PHÁT | F2: 301 Nguyễn Duy Hiệu, Phường Sơn Phong, Thành phố Hội An, Tỉnh Quảng Nam, Việt Nam | G2: 1517593 | H2: 121407 | I2: 1639000 | J2: Hóa đơn đã bị điều chỉnh | K2: 241129FVW621DF | L2: Shopee | M2: BHHS2024008034 | O2: 1702778 | P2: 136222 | Q2: 00002591 | R2: 185185 | S2: 14815 | T2: =G2+R2 -> 1702778 | U2: =H2+S2 -> 136222 | V2: =O2-G2-R2 -> 0 | W2: =P2-H2-S2 -> 0
A3: 1C24TUV | B3: 642 | C3: 04/12/2024 | D3: 0312239812 | E3: CÔNG TY TNHH MỘT THÀNH VIÊN XĂNG DẦU SONG ĐĂNG | F3: D19/28 Hương Lộ 80, ấp 4, Xã Vĩnh Lộc B, Huyện Bình Chánh, Thành phố Hồ Chí Minh, Việt Nam | G3: 2480556 | H3: 198444 | I3: 2679000 | J3: Hóa đơn đã bị điều chỉnh | K3: 241130JYVEQAPY | L3: Shopee | M3: BHHS2024008128 | O3: 2573148 | P3: 205852 | Q3: 00002592 | R3: 92592 | S3: 7407 | T3: =G3+R3 -> 2573148 | U3: =H3+S3 -> 205851 | V3: =O3-G3-R3 -> 0 | W3: =P3-H3-S3 -> 1
A4: 1C24TUV | B4: 650 | C4: 05/12/2024 | D4: 0318588954 | E4: CÔNG TY TNHH CHÚ CÁ | F4: 33 Tân Trụ, Phường 15, Quận Tân Bình, Thành phố Hồ Chí Minh, Việt Nam | G4: 25555556 | H4: 2044444 | I4: 27600000 | J4: Hóa đơn mới | K4: HD007378.01 | L4: Ngoài sàn | M4: BHHN2024000017 | O4: 25555556 | P4: 2044444 | V4: =O4-G4-R4 -> 0 | W4: =P4-H4-S4 -> 0
A5: 1C24TUV | B5: 651 | C5: 09/12/2024 | D5: 0202232740 | E5: CÔNG TY TNHH THƯƠNG MẠI DỊCH VỤ VÀ VẬN CHUYỂN AECP | F5: Số 2C/280 Trung Lực, Phường Đằng Lâm, Quận Hải An, Thành phố Hải Phòng, Việt Nam | G5: 2573148 | H5: 205852 | I5: 2779000 | J5: Hóa đơn mới | K5: 241130KSXRS8QW | L5: Shopee | M5: BHHS2024008146 | O5: 2573148 | P5: 205852 | V5: =O5-G5-R5 -> 0 | W5: =P5-H5-S5 -> 0
A6: 1C24TUV | B6: 659 | C6: 11/12/2024 | D6: 0109724748 | E6: CÔNG TY CỔ PHẦN VGENTECH | F6: Xóm 8, thôn Việt Yên, Xã Ngũ Hiệp, Huyện Thanh Trì, Thành phố Hà Nội, Việt Nam | G6: 2397221 | H6: 191778 | I6: 2588999 | J6: Hóa đơn đã bị điều chỉnh | K6: 579703438136150806 | L6: Tiktok | M6: BHHT2024024139 | O6: 2813888 | P6: 225111 | Q6: 00002639 | R6: 416667 | S6: 33333 | T6: =G6+R6 -> 2813888 | U6: =H6+S6 -> 225111 | V6: =O6-G6-R6 -> 0 | W6: =P6-H6-S6 -> 0
A7: 1C24TUV | B7: 660 | C7: 13/12/2024 | D7: 0315729798 | E7: CÔNG TY TNHH THỰC PHẨM TOÀN CẦU HUY HOÀNG | F7: 85 Hoàng Sa, Phường Đa Kao, Quận 1, Thành phố Hồ Chí Minh, Việt Nam | G7: 2276870 | H7: 182150 | I7: 2459020 | J7: Hóa đơn đã bị điều chỉnh | K7: 241212KM47RTQK | L7: Shopee | M7: BHHS2024008520 | O7: 2573148 | P7: 205852 | Q7: 00002219 | R7: 296278 | S7: 23702 | T7: =G7+R7 -> 2573148 | U7: =H7+S7 -> 205852 | V7: =O7-G7-R7 -> 0 | W7: =P7-H7-S7 -> 0
A8: 1C24TUV | B8: 661 | C8: 16/12/2024 | D8: 0303427866 | E8: CÔNG TY TNHH TIẾP VẬN VẬN TẢI QUỐC TẾ VÕ LƯƠNG | F8: 174/13 Điện Biên Phủ, Phường 17, Quận Bình Thạnh, Thành phố Hồ Chí Minh, Việt Nam | G8: 2315833 | H8: 185267 | I8: 2501100 | J8: Hóa đơn đã bị điều chỉnh | K8: 241212KHD7Y219 | L8: Shopee | M8: BHHS2024008508 | O8: 2573148 | P8: 205852 | Q8: 00002220 | R8: 257315 | S8: 20585 | T8: =G8+R8 -> 2573148 | U8: =H8+S8 -> 205852 | V8: =O8-G8-R8 -> 0 | W8: =P8-H8-S8 -> 0
A9: 1C24TUV | B9: 668 | C9: 17/12/2024 | D9: 1701239486 | E9: CÔNG TY CỔ PHẦN SÀI GÒN DƯƠNG ĐÔNG | F9: Đường Cách Mạng Tháng Tám, khu phố 6, Phường Dương Đông, Thành phố Phú Quốc, Tỉnh Kiên Giang, Việt Nam | G9: 846593 | H9: 67727 | I9: 914320 | J9: Hóa đơn đã bị điều chỉnh | K9: 241212M6VCV4RW | L9: Shopee | M9: BHHS2024008591 | O9: 962037 | P9: 76963 | Q9: 00002595 | R9: 115444 | S9: 9236 | T9: =G9+R9 -> 962037 | U9: =H9+S9 -> 76963 | V9: =O9-G9-R9 -> 0 | W9: =P9-H9-S9 -> 0
A10: 1C24TUV | B10: 696 | C10: 21/12/2024 | D10: 4000394369 | E10: CÔNG TY TRÁCH NHIỆM HỮU HẠN YEOU LIH SILICA SAND VIỆT NAM | F10: Thôn Mỹ Bình, Xã Tam Hiệp, Huyện Núi Thành, Tỉnh Quảng Nam, Việt Nam | G10: 1149167 | H10: 91933 | I10: 1241100 | J10: Hóa đơn mới | K10: 241127B8V2GTBF | L10: Shopee | M10: BHHS2024007985 | O10: 1276852 | P10: 102148 | V10: =O10-G10-R10 -> 127685 | W10: =P10-H10-S10 -> 10215
A11: 1C24TUV | B11: 698 | C11: 21/12/2024 | D11: 0314069690 | E11: CÔNG TY TNHH LANDO | F11: 416E Nguyễn Thị Minh Khai, Phường 05, Quận 3, Thành phố Hồ Chí Minh, Việt Nam | G11: 865574 | H11: 69246 | I11: 934820 | J11: Hóa đơn đã bị điều chỉnh | K11: 241212MQUR80DS | L11: Shopee | M11: BHHS2024008614 | O11: 962037 | P11: 76963 | Q11: 00002596 | R11: 96463 | S11: 7717 | T11: =G11+R11 -> 962037 | U11: =H11+S11 -> 76963 | V11: =O11-G11-R11 -> 0 | W11: =P11-H11-S11 -> 0
A12: 1C24TUV | B12: 718 | C12: 25/12/2024 | D12: 0402181645 | E12: CÔNG TY TNHH MTV ECOMDY | F12: 55 Lê Quang Hòa, Phường Hoà Xuân, Quận Cẩm Lệ, Thành phố Đà Nẵng, Việt Nam | G12: 865833 | H12: 69267 | I12: 935100 | J12: Hóa đơn đã bị điều chỉnh | K12: 241222G3V1MPRP | L12: Shopee | M12: BHHS2024008901 | O12: 962037 | P12: 76963 | Q12: 00002597 | R12: 96204 | S12: 7696 | T12: =G12+R12 -> 962037 | U12: =H12+S12 -> 76963 | V12: =O12-G12-R12 -> 0 | W12: =P12-H12-S12 -> 0
A13: 1C24TUV | B13: 719 | C13: 25/12/2024 | D13: 0700836294 | E13: CÔNG TY TNHH HOURENSOU VIỆT NAM | F13: Số 39 Tân Khai, Phường Minh Khai, Thành phố Phủ Lý, Tỉnh Hà Nam, Việt Nam | G13: 6793611 | H13: 543489 | I13: 7337100 | J13: Hóa đơn đã bị điều chỉnh | K13: 579780912382053031 | L13: Tiktok | M13: BHHT2024022934 | O13: 7095370 | P13: 567630 | Q13: 00002275 | R13: 301759 | S13: 24141 | T13: =G13+R13 -> 7095370 | U13: =H13+S13 -> 567630 | V13: =O13-G13-R13 -> 0 | W13: =P13-H13-S13 -> 0
A14: 1C24TUV | B14: 563 | C14: 07/11/2024 | D14: 0318401003 | E14: CÔNG TY TNHH XUẤT NHẬP KHẨU GOLDEN SUCCESS | F14: 60/6 Yên Thế, Phường 2, Quận Tân Bình, Thành phố Hồ Chí Minh, Việt Nam | G14: 5008037 | H14: 400643 | I14: 5408680 | J14: Hóa đơn đã bị điều chỉnh | K14: 241029SAKRK9H4 | L14: Shopee | M14: BHHS2024007137 | O14: 5443519 | P14: 435481 | Q14: 00002171 | R14: 435482 | S14: 34839 | T14: =G14+R14 -> 5443519 | U14: =H14+S14 -> 435482 | V14: =O14-G14-R14 -> 0 | W14: =P14-H14-S14 -> -1
A15: 1C24TUV | B15: 564 | C15: 07/11/2024 | D15: 0100731483 | E15: VIỆN KHOA HỌC CÔNG NGHỆ VÀ KINH TẾ XÂY DỰNG HÀ NỘI | F15: 38 phố cát linh, Phường Cát Linh, Quận Đống đa, Thành phố Hà Nội, Việt Nam | G15: 3823148 | H15: 305852 | I15: 4129000 | J15: Hóa đơn đã bị điều chỉnh | K15: 241030VSSYK2H6 | L15: Shopee | M15: BHHS2024007171 | O15: 4054630 | P15: 324370 | Q15: 00002172 | R15: 231482 | S15: 18519 | T15: =G15+R15 -> 4054630 | U15: =H15+S15 -> 324371 | V15: =O15-G15-R15 -> 0 | W15: =P15-H15-S15 -> -1
A16: 1C24TUV | B16: 566 | C16: 12/11/2024 | D16: 0100731483 | E16: VIỆN KHOA HỌC CÔNG NGHỆ VÀ KINH TẾ XÂY DỰNG HÀ NỘI | F16: 38 phố cát linh, Phường Cát Linh, Quận Đống đa, Thành phố Hà Nội, Việt Nam | G16: 3482500 | H16: 278600 | I16: 3761100 | J16: Hóa đơn đã bị điều chỉnh | K16: 241106GHXRY2CA | L16: Shopee | M16: BHHS2024007332 | O16: 3869444 | P16: 309556 | Q16: 00002174 | R16: 386944 | S16: 30956 | T16: =G16+R16 -> 3869444 | U16: =H16+S16 -> 309556 | V16: =O16-G16-R16 -> 0 | W16: =P16-H16-S16 -> 0
A17: 1C24TUV | B17: 567 | C17: 12/11/2024 | D17: 3702483628 | E17: CÔNG TY TNHH KHÁCH SẠN NỮ HOÀNG ELIZABETH | F17: Số 17/41, Trần Văn ơn, Khu phố 6, Phường Phú Hòa, Thành phố Thủ Dầu Một, Tỉnh Bình Dương, Việt Nam | G17: 813889 | H17: 65111 | I17: 879000 | J17: Hóa đơn đã bị điều chỉnh | K17: 579621705911404561 | L17: Tiktok | M17: BHHT2024021302 | O17: 962037 | P17: 76963 | Q17: 00002635 | R17: 148148 | S17: 11852 | T17: =G17+R17 -> 962037 | U17: =H17+S17 -> 76963 | V17: =O17-G17-R17 -> 0 | W17: =P17-H17-S17 -> 0
A18: 1C24TUV | B18: 568 | C18: 13/11/2024 | D18: 6400397008 | E18: CÔNG TY TNHH MỘT THÀNH VIÊN XÂY DỰNG XUÂN TRƯỜNG ĐẮK NÔNG | F18: Tổ 1, Phường Nghĩa Trung, Thành phố Gia Nghĩa, Tỉnh Đắk Nông, Việt Nam | G18: 1726852 | H18: 138148 | I18: 1865000 | J18: Hóa đơn đã bị điều chỉnh | K18: 579622523415529731 | L18: Tiktok | M18: BHHT2024021233 | O18: 1884630 | P18: 150770 | Q18: 00002636 | R18: 157778 | S18: 12622 | T18: =G18+R18 -> 1884630 | U18: =H18+S18 -> 150770 | V18: =O18-G18-R18 -> 0 | W18: =P18-H18-S18 -> 0
A19: 1C24TUV | B19: 579 | C19: 18/11/2024 | D19: 0311950572 | E19: CÔNG TY CỔ PHẦN QUẢNG CÁO VÀ THƯƠNG MẠI GSOLUTION | F19: 90/12/1/16 Bông Sao, Phường 5, Quận 8, Thành phố Hồ Chí Minh, Việt Nam | G19: 1982500 | H19: 158600 | I19: 2141100 | J19: Hóa đơn đã bị điều chỉnh | K19: 2411135SNXVAA1 | L19: Shopee | M19: BHHS2024007662 | O19: 2387963 | P19: 191037 | Q19: 00002589 | R19: 405463 | S19: 32437 | T19: =G19+R19 -> 2387963 | U19: =H19+S19 -> 191037 | V19: =O19-G19-R19 -> 0 | W19: =P19-H19-S19 -> 0
A20: 1C24TUV | B20: 599 | C20: 25/11/2024 | D20: 6400448686 | E20: CÔNG TY TNHH XUẤT NHẬP KHẨU MACA HILLS | F20: Tổ dân phố 3, Phường Nghĩa Thành, Thành phố Gia Nghĩa, Tỉnh Đắk Nông, Việt Nam | G20: 1047019 | H20: 83762 | I20: 1130781 | J20: Hóa đơn đã bị điều chỉnh | K20: 579669737495824617 | L20: Tiktok | M20: BHHT2024019990 | O20: 1276852 | P20: 102148 | Q20: 00002196 | R20: 229833 | S20: 18387 | T20: =G20+R20 -> 1276852 | U20: =H20+S20 -> 102149 | V20: =O20-G20-R20 -> 0 | W20: =P20-H20-S20 -> -1
A21: 1C24TUV | B21: 603 | C21: 26/11/2024 | D21: 0317749976 | E21: CÔNG TY TNHH THƯƠNG MẠI DỊCH VỤ VẬT TƯ TRẦN LÂM | F21: 134/5/28 BIS Lạc Long Quân, Phường 3, Quận 11, Thành phố Hồ Chí Minh, Việt Nam | G21: 3446435 | H21: 275715 | I21: 3722150 | J21: Hóa đơn đã bị điều chỉnh | K21: 2411110BWBFW6F | L21: Shopee | M21: BHHS2024007540 | O21: 4054630 | P21: 324370 | Q21: 00002179 | R21: 608195 | S21: 48656 | T21: =G21+R21 -> 4054630 | U21: =H21+S21 -> 324371 | V21: =O21-G21-R21 -> 0 | W21: =P21-H21-S21 -> -1
A22: 1C24TUV | B22: 609 | C22: 27/11/2024 | D22: 0102641429 | E22: TỔNG CÔNG TY BẢO VIỆT NHÂN THỌ | F22: Tầng 37, Keangnam Ha Noi Landmark Tower, đường Phạm Hùng, Phường Mễ Trì, Quận Nam Từ Liêm, Thành phố Hà Nội, Việt Nam | G22: 2341667 | H22: 187333 | I22: 2529000 | J22: Hóa đơn đã bị điều chỉnh | K22: 579678018260928910 | L22: Tiktok | M22: BHHT2024019852 | O22: 2526852 | P22: 202148 | Q22: 00002638 | R22: 185185 | S22: 14815 | T22: =G22+R22 -> 2526852 | U22: =H22+S22 -> 202148 | V22: =O22-G22-R22 -> 0 | W22: =P22-H22-S22 -> 0
... A25: 1C24TUV | B25: 510 | C25: 03/10/2024 | D25: 0313878152 | E25: CÔNG TY TNHH XÂY DỰNG VÀ SẢN XUẤT CAO MINH | F25: 14/7 Đường TL 42, phường Thạnh Lộc, Quận 12, Thành phố Hồ Chí Minh, Việt Nam | G25: 2367296 | H25: 189384 | I25: 2556680 | J25: Hóa đơn đã bị điều chỉnh | K25: 241002GFV5GHRS | L25: Shopee | M25: BHHS2024006027 | O25: 2573148 | P25: 205852 | Q25: 00002582 | R25: 205852 | S25: 16468 | T25: =G25+R25 -> 2573148 | U25: =H25+S25 -> 205852 | V25: =O25-G25-R25 -> 0 | W25: =P25-H25-S25 -> 0
A26: 1C24TUV | B26: 511 | C26: 04/10/2024 | D26: 2300720588 | E26: CÔNG TY TNHH SẢN XUẤT VÀ THƯƠNG MẠI DAVIMAX | F26: Khu Bồ Sơn, Phường Võ Cường, Thành phố Bắc Ninh, Tỉnh Bắc Ninh, Việt Nam | G26: 14444444 | H26: 1155556 | I26: 15600000 | J26: Hóa đơn mới | K26: HD007178 | L26: Ngoài sàn | M26: BHHN2024000038 | O26: 14444444 | P26: 1155556 | V26: =O26-G26-R26 -> 0 | W26: =P26-H26-S26 -> 0
A27: 1C24TUV | B27: 514 | C27: 09/10/2024 | D27: 0318008787 | E27: CÔNG TY TNHH SẢN XUẤT NAVIS VIỆT NAM | F27: L3, Tòa nhà Vạn Đạt, Đường số 8, Lô II-1, Nhóm CN II, Khu Công Nghiệp Tân Bình, Phường Tây Thạnh, Quận Tân phú, Thành phố Hồ Chí Minh, Việt Nam | G27: 7738889 | H27: 619111 | I27: 8358000 | J27: Hóa đơn mới | K27: HD007220 | L27: Ngoài sàn | M27: BHHN2024000034 | O27: 7738889 | P27: 619111 | V27: =O27-G27-R27 -> 0 | W27: =P27-H27-S27 -> 0
A28: 1C24TUV | B28: 515 | C28: 09/10/2024 | D28: 6001628711 | E28: CÔNG TY TNHH TÀI LINH LAND | F28: Số 10 Lê Thị Hồng Gấm, Phường Tân An, TP.Buôn Ma Thuột, Tỉnh Đắk Lắk, Việt Nam | G28: 2399167 | H28: 191933 | I28: 2591100 | J28: Hóa đơn đã bị điều chỉnh | K28: 241004MWDA8FXT | L28: Shopee | M28: BHHS2024006068 | O28: 2665741 | P28: 213259 | Q28: 00002583 | R28: 266574 | S28: 21326 | T28: =G28+R28 -> 2665741 | U28: =H28+S28 -> 213259 | V28: =O28-G28-R28 -> 0 | W28: =P28-H28-S28 -> 0
A29: 1C24TUV | B29: 516 | C29: 14/10/2024 | D29: 0318522093 | E29: CÔNG TY TNHH SX VÀ TMDV ĐỒNG XU KỶ NIỆM ZINO | F29: 150/3 Lê Lợi, Phường 4, Quận Gò Vấp, Thành phố Hồ Chí Minh, Việt Nam | G29: 2202778 | H29: 176222 | I29: 2379000 | J29: Hóa đơn đã bị điều chỉnh | K29: 579455986800364255 | L29: Tiktok | M29: BHHT2024018921 | O29: 2573148 | P29: 205852 | Q29: 00002628 | R29: 370370 | S29: 29630 | T29: =G29+R29 -> 2573148 | U29: =H29+S29 -> 205852 | V29: =O29-G29-R29 -> 0 | W29: =P29-H29-S29 -> 0
A30: 1C24TUV | B30: 517 | C30: 14/10/2024 | D30: 3301719675 | E30: CÔNG TY TNHH THIẾT KẾ VÀ THI CÔNG CÔNG TRÌNH AHA HUẾ | F30: Tổ 4, KV2, Phường An Tây, Thành phố Huế, Tỉnh Thừa Thiên - Huế, Việt Nam | G30: 1702778 | H30: 136222 | I30: 1839000 | J30: Hóa đơn mới | K30: 2410095FR7Q45U | L30: Shopee | M30: BHHS2024006199 | O30: 1702778 | P30: 136222 | V30: =O30-G30-R30 -> 0 | W30: =P30-H30-S30 -> 0
A31: 1C24TUV | B31: 518 | C31: 14/10/2024 | D31: 0101976905 | E31: CÔNG TY CỔ PHẦN TẬP ĐOÀN SUNHOUSE | F31: Số 139, phố Nguyễn Thái Học, Phường Điện Biên, Quận Ba Đình, Thành phố Hà Nội, Việt Nam | G31: 846593 | H31: 67727 | I31: 914320 | J31: Hóa đơn đã bị điều chỉnh | K31: 240925TVHWC5UR | L31: Shopee | M31: BHHS2024005808 | O31: 962037 | P31: 76963 | Q31: 00002584 | R31: 115444 | S31: 9236 | T31: =G31+R31 -> 962037 | U31: =H31+S31 -> 76963 | V31: =O31-G31-R31 -> 0 | W31: =P31-H31-S31 -> 0
A32: 1C24TUV | B32: 523 | C32: 16/10/2024 | D32: 0314404490 | E32: CÔNG TY TNHH THƯƠNG MẠI DỊCH VỤ DIGI-TRAN | F32: Tầng 14, Tòa Nhà HM Town, 412 Nguyễn Thị Minh Khai, Phường 05, Quận 3, Thành phố Hồ Chí Minh, Việt Nam | G32: 1532500 | H32: 122600 | I32: 1655100 | J32: Hóa đơn đã bị điều chỉnh | K32: 2410107PP4B0UR | L32: Shopee | M32: BHHS2024006394 | O32: 1702778 | P32: 136222 | Q32: 00002586 | R32: 170278 | S32: 13622 | T32: =G32+R32 -> 1702778 | U32: =H32+S32 -> 136222 | V32: =O32-G32-R32 -> 0 | W32: =P32-H32-S32 -> 0
A33: 1C24TUV | B33: 524 | C33: 16/10/2024 | D33: 1801510068 | E33: CÔNG TY TNHH THƯƠNG MẠI DỊCH VỤ DU LỊCH TÀI PHƯỚC THÀNH | F33: 412/2 A, Cách Mạng Tháng Tám, Phường Bùi Hữu Nghĩa, Quận Bình Thuỷ, Thành phố Cần Thơ, Việt Nam | G33: 2283333 | H33: 182667 | I33: 2466000 | J33: Hóa đơn đã bị điều chỉnh | K33: 579465803582245741 | L33: Tiktok | M33: BHHT2024018495 | O33: 2515185 | P33: 201215 | Q33: 00002629 | R33: 231852 | S33: 18548 | T33: =G33+R33 -> 2515185 | U33: =H33+S33 -> 201215 | V33: =O33-G33-R33 -> 0 | W33: =P33-H33-S33 -> 0
A34: 1C24TUV | B34: 526 | C34: 17/10/2024 | D34: 0315568491 | E34: CÔNG TY TNHH DU LỊCH & SỰ KIỆN PHƯỢNG HOÀNG | F34: VP 02, Tầng 10, Tòa nhà Pearl Plaza, Số 561A Điện Biên Phủ, Phường 25, Quận Bình Thạnh, Thành phố Hồ Chí Minh, Việt Nam | G34: 1532500 | H34: 122600 | I34: 1655100 | J34: Hóa đơn đã bị điều chỉnh | K34: 579481957643422099 | L34: Tiktok | M34: BHHT2024018174 | O34: 1702778 | P34: 136222 | Q34: 00002630 | R34: 170278 | S34: 13622 | T34: =G34+R34 -> 1702778 | U34: =H34+S34 -> 136222 | V34: =O34-G34-R34 -> 0 | W34: =P34-H34-S34 -> 0
A35: 1C24TUV | B35: 530 | C35: 21/10/2024 | D35: 0318344789 | E35: CÔNG TY CỔ PHẦN DU LỊCH VÀ ĐẦU TƯ MELI CLUB | F35: Tòa Dreamplex, 195 Điện Biên Phủ, Phường 15, Quận Bình Thạnh, Thành phố Hồ Chí Minh, Việt Nam | G35: 846593 | H35: 67727 | I35: 914320 | J35: Hóa đơn đã bị điều chỉnh | K35: 579488501531839187 | L35: Tiktok | M35: BHHT2024017750 | O35: 962037 | P35: 76963 | Q35: 00002631 | R35: 115444 | S35: 9236 | T35: =G35+R35 -> 962037 | U35: =H35+S35 -> 76963 | V35: =O35-G35-R35 -> 0 | W35: =P35-H35-S35 -> 0
A36: 1C24TUV | B36: 531 | C36: 21/10/2024 | D36: 0314404490 | E36: CÔNG TY TNHH THƯƠNG MẠI DỊCH VỤ DIGI-TRAN | F36: Tầng 14, Tòa Nhà HM Town, 412 Nguyễn Thị Minh Khai, Phường 05, Quận 3, Thành phố Hồ Chí Minh, Việt Nam | G36: 1517593 | H36: 121407 | I36: 1639000 | J36: Hóa đơn đã bị điều chỉnh | K36: 241014GHX7TNKV | L36: Shopee | M36: BHHS2024006521 | O36: 1702778 | P36: 136222 | Q36: 00002587 | R36: 185185 | S36: 14815 | T36: =G36+R36 -> 1702778 | U36: =H36+S36 -> 136222 | V36: =O36-G36-R36 -> 0 | W36: =P36-H36-S36 -> 0
A37: 1C24TUV | B37: 534 | C37: 22/10/2024 | D37: 0109997537 | E37: CÔNG TY TNHH DỊCH VỤ TRUYỀN THÔNG DTC | F37: Số nhà 21A, ngách 56, ngõ 79 đường Cầu Giấy, tổ 3, Phường Yên Hoà, Quận Cầu Giấy, Thành phố Hà Nội, Việt Nam | G37: 2026556 | H37: 162124 | I37: 2188680 | J37: Hóa đơn đã bị điều chỉnh | K37: 579487419366476134 | L37: Tiktok | M37: BHHT2024017692 | O37: 2202778 | P37: 176222 | Q37: 00002642 | R37: 176222 | S37: 14098 | T37: =G37+R37 -> 2202778 | U37: =H37+S37 -> 176222 | V37: =O37-G37-R37 -> 0 | W37: =P37-H37-S37 -> 0
A38: 1C24TUV | B38: 538 | C38: 26/10/2024 | D38: 0304295429 | E38: CÔNG TY TNHH INTEL PRODUCTS VIỆT NAM | F38: Lô I2, đường D1, khu công nghệ cao, Phường Tân Phú, Thành phố Thủ Đức, Thành phố Hồ Chí Minh, Việt Nam | G38: 1531037 | H38: 122483 | I38: 1653520 | J38: Hóa đơn đã bị điều chỉnh | K38: 2409298GGY2ADN | L38: Shopee | M38: BHHS2024005949 | O38: 1739815 | P38: 139185 | Q38: 00002588 | R38: 208778 | S38: 16702 | T38: =G38+R38 -> 1739815 | U38: =H38+S38 -> 139185 | V38: =O38-G38-R38 -> 0 | W38: =P38-H38-S38 -> 0
A39: 1C24TUV | B39: 539 | C39: 30/10/2024 | D39: 0318232274 | E39: CÔNG TY TNHH TRUYỀN THÔNG VÀ SỰ KIỆN NEW SKY | F39: 146/10/9 Tô Ký, phường Đông Hưng Thuận, Quận 12, Thành phố Hồ Chí Minh, Việt Nam | G39: 2187176 | H39: 174974 | I39: 2362150 | J39: Hóa đơn đã bị điều chỉnh | K39: 579489105018194942 | L39: Tiktok | M39: BHHT2024017794 | O39: 2573148 | P39: 205852 | Q39: 00002633 | R39: 385972 | S39: 30878 | T39: =G39+R39 -> 2573148 | U39: =H39+S39 -> 205852 | V39: =O39-G39-R39 -> 0 | W39: =P39-H39-S39 -> 0
A40: 1C24TUV | B40: 540 | C40: 30/10/2024 | D40: 0315259091 | E40: CÔNG TY TNHH HUGE-FAM | F40: 27B Nguyễn Đình Chiểu, Phường Đa Kao, Quận 1, Thành phố Hồ Chí Minh, Việt Nam | G40: 443519 | H40: 35482 | I40: 479001 | J40: Hóa đơn mới | K40: 241029SCHU3H27 | L40: Shopee | M40: BHHS2024007139 | O40: 443519 | P40: 35481 | V40: =O40-G40-R40 -> 0 | W40: =P40-H40-S40 -> -1
A41: 1C24TUV | B41: 541 | C41: 30/10/2024 | D41: 3702501637 | E41: CÔNG TY TNHH HI-LEVEL ENTERPRISE | F41: Lô B7 Khu công nghiệp Đại Đăng, Phường Phú Tân, Thành phố Thủ Dầu Một, Tỉnh Bình Dương, Việt Nam | G41: 834907 | H41: 66793 | I41: 901700 | J41: Hóa đơn đã bị điều chỉnh | K41: 579523460756113690 | L41: Tiktok | M41: BHHT2024017301 | O41: 803704 | P41: 64296 | Q41: 00002634 | R41: -31203 | S41: -2496 | T41: =G41+R41 -> 803704 | U41: =H41+S41 -> 64297 | V41: =O41-G41-R41 -> 0 | W41: =P41-H41-S41 -> -1
A42: 1C24TUV | B42: 542 | C42: 30/10/2024 | D42: 0401699508 | E42: CÔNG TY TNHH MỘT THÀNH VIÊN PHẠM NGÂN NHI | F42: 170 Võ Nguyên Giáp, Phường Phước Mỹ, Quận Sơn Trà, Thành phố Đà Nẵng, Việt Nam | G42: 4035185 | H42: 322815 | I42: 4358000 | J42: Hóa đơn mới | K42: 579522212693182576 | L42: Tiktok | M42: BHHT2024022346 | O42: 4035185 | P42: 322815 | V42: =O42-G42-R42 -> 0 | W42: =P42-H42-S42 -> 0
A43: 1C24TUV | B43: 450 | C43: 07/09/2024 | D43: 0316329390 | E43: CÔNG TY TNHH GIẢI TRÍ US | F43: 6/20L Đường Nguyễn Cảnh Chân, Phường Nguyễn Cư Trinh, Quận 1, Thành phố Hồ Chí Minh, Việt Nam | G43: 673426 | H43: 53874 | I43: 727300 | J43: Hóa đơn đã bị điều chỉnh | K43: 2408257T7XE95M | L43: Shopee | M43: BHHS2024004691 | O43: 962037 | P43: 76963 | Q43: 00002572 | R43: 288611 | S43: 23089 | T43: =G43+R43 -> 962037 | U43: =H43+S43 -> 76963 | V43: =O43-G43-R43 -> 0 | W43: =P43-H43-S43 -> 0
A44: 1C24TUV | B44: 451 | C44: 07/09/2024 | D44: 0318439543 | E44: CÔNG TY TNHH THƯƠNG MẠI DỊCH VỤ HỒ CÁ KOI | F44: 92A-94 Bạch Đằng, Phường 2, Quận Tân Bình, Thành phố Hồ Chí Minh, Việt Nam | G44: 2026852 | H44: 162148 | I44: 2189000 | J44: Hóa đơn đã bị điều chỉnh | K44: 240828EKQPX07X | L44: Shopee | M44: BHHS2024004784 | O44: 2258333 | P44: 180667 | Q44: 00002573 | R44: 231481 | S44: 18518 | T44: =G44+R44 -> 2258333 | U44: =H44+S44 -> 180666 | V44: =O44-G44-R44 -> 0 | W44: =P44-H44-S44 -> 1
A45: 1C24TUV | B45: 452 | C45: 09/09/2024 | D45: 0310883796 | E45: TRƯỜNG TIỂU HỌC, TRUNG HỌC CƠ SỞ VÀ TRUNG HỌC PHỔ THÔNG QUỐC TẾ Á CHÂU | F45: 41/3 - 41/4Bis Trần Nhật Duật, Phường Tân Định, Quận 1, Thành phố Hồ Chí Minh, Việt Nam | G45: 521111 | H45: 41689 | I45: 562800 | J45: Hóa đơn mới | K45: 240831QNCN1SJ3 | L45: Shopee | M45: BHHS2024004859 | O45: 509259 | P45: 40741 | V45: =O45-G45-R45 -> -11852 | W45: =P45-H45-S45 -> -948
A46: 1C24TUV | B46: 453 | C46: 09/09/2024 | D46: 0317059605 | E46: CÔNG TY TNHH FLAMINPOP | F46: 400/65 Hiệp Thành 17, khu phố 5, phường Hiệp Thành, Quận 12, Thành phố Hồ Chí Minh, Việt Nam | G46: 1018519 | H46: 81482 | I46: 1100001 | J46: Hóa đơn mới | K46: HD007074 | L46: Ngoài sàn | M46: BHHN2024000052 | O46: 1018519 | P46: 81481 | V46: =O46-G46-R46 -> 0 | W46: =P46-H46-S46 -> -1
A47: 1C24TUV | B47: 457 | C47: 11/09/2024 | D47: 0314873573 | E47: CÔNG TY TNHH THƯƠNG MẠI TRUNG PHONG | F47: 82/21A Đinh Tiên Hoàng, Phường 1, Quận Bình Thạnh, Thành phố Hồ Chí Minh, Việt Nam | G47: 1967650 | H47: 157412 | I47: 2125062 | J47: Hóa đơn đã bị điều chỉnh | K47: 490365980467499 | L47: Lazada | M47: BHHL2024000083 | O47: 2338056 | P47: 187044 | Q47: 00002556 | R47: 79757 | S47: 6381 | T47: =G47+R47 -> 2047407 | U47: =H47+S47 -> 163793 | V47: =O47-G47-R47 -> 290649 | W47: =P47-H47-S47 -> 23251
A48: 1C24TUV | B48: 458 | C48: 12/09/2024 | D48: 0317526049 | E48: CÔNG TY CỔ PHẦN WORK FLOW | F48: 39 Nguyễn Duy Hiệu, Phường Thảo Điền, Thành phố Thủ Đức, Thành phố Hồ Chí Minh, Việt Nam | G48: 27546296 | H48: 2203704 | I48: 29750000 | J48: Hóa đơn mới | K48: HD007061 | L48: Ngoài sàn | M48: BHHN2024000054 | O48: 27546296 | P48: 2203704 | V48: =O48-G48-R48 -> 0 | W48: =P48-H48-S48 -> 0
A49: 1C24TUV | B49: 459 | C49: 16/09/2024 | D49: 0316585210 | E49: CÔNG TY TNHH SIM SOLUTION | F49: 36 Đường số 1, Khu phố 2, Phường An Khánh, Thành phố Thủ Đức, Thành phố Hồ Chí Minh, Việt Nam | G49: 867870 | H49: 69430 | I49: 937300 | J49: Hóa đơn đã bị điều chỉnh | K49: 2409152E3EY3UQ | L49: Shopee | M49: BHHS2024005385 | O49: 1239815 | P49: 99185 | Q49: 00002574 | R49: 371945 | S49: 29756 | T49: =G49+R49 -> 1239815 | U49: =H49+S49 -> 99186 | V49: =O49-G49-R49 -> 0 | W49: =P49-H49-S49 -> -1
A50: 1C24TUV | B50: 460 | C50: 17/09/2024 | D50: 0313418500 | E50: CÔNG TY TNHH MINH QUÂN MQB | F50: 116/24 Bình Lợi, Phường 13, Quận Bình Thạnh, Thành phố Hồ Chí Minh, Việt Nam | G50: 1447361 | H50: 115789 | I50: 1563150 | J50: Hóa đơn đã bị điều chỉnh | K50: 579252169447082533 | L50: Tiktok | M50: BHHT2024017046 | O50: 1702778 | P50: 136222 | Q50: 00002625 | R50: 255417 | S50: 20433 | T50: =G50+R50 -> 1702778 | U50: =H50+S50 -> 136222 | V50: =O50-G50-R50 -> 0 | W50: =P50-H50-S50 -> 0
A51: 1C24TUV | B51: 461 | C51: 18/09/2024 | D51: 1801739475 | E51: CÔNG TY TNHH THƯƠNG MẠI DỊCH VỤ TƯ VẤN ĐẦU TƯ XÂY DỰNG HUY PHÁT | F51: 386/7A, Đường Cách Mạng Tháng Tám, Phường Bùi Hữu Nghĩa, Quận Bình Thuỷ, Thành phố Cần Thơ, Việt Nam | G51: 795370 | H51: 63630 | I51: 859000 | J51: Hóa đơn đã bị điều chỉnh | K51: 579344317583100843 | L51: Tiktok | M51: BHHT2024015517 | O51: 962037 | P51: 76963 | Q51: 00002626 | R51: 166667 | S51: 13333 | T51: =G51+R51 -> 962037 | U51: =H51+S51 -> 76963 | V51: =O51-G51-R51 -> 0 | W51: =P51-H51-S51 -> 0
A52: 1C24TUV | B52: 463 | C52: 20/09/2024 | D52: 0402246807 | E52: CÔNG TY TNHH BALOG MEDIA | F52: 25 An Thượng 15, Phường Mỹ An, Quận Ngũ Hành Sơn, Thành phố Đà Nẵng, Việt Nam | G52: 2315833 | H52: 185267 | I52: 2501100 | J52: Hóa đơn đã bị điều chỉnh | K52: 240909FT7J3JK8 | L52: Shopee | M52: BHHS2024005078 | O52: 2573148 | P52: 205852 | Q52: 00002575 | R52: 257315 | S52: 20585 | T52: =G52+R52 -> 2573148 | U52: =H52+S52 -> 205852 | V52: =O52-G52-R52 -> 0 | W52: =P52-H52-S52 -> 0
A53: 1C24TUV | B53: 464 | C53: 20/09/2024 | D53: 3700691189 | E53: CÔNG TY TNHH LEE & SUY VINA | F53: Khu phố Hòa Lân, Phường Thuận Giao, Thành phố Thuận An, Tỉnh Bình Dương, Việt Nam | G53: 1801204 | H53: 144096 | I53: 1945300 | J53: Hóa đơn đã bị điều chỉnh | K53: 240909GBWQ2YSM | L53: Shopee | M53: BHHS2024005135 | O53: 2573148 | P53: 205852 | Q53: 00002576 | R53: 771944 | S53: 61756 | T53: =G53+R53 -> 2573148 | U53: =H53+S53 -> 205852 | V53: =O53-G53-R53 -> 0 | W53: =P53-H53-S53 -> 0
A54: 1C24TUV | B54: 469 | C54: 21/09/2024 | D54: 4101510170 | E54: CÔNG TY TNHH MAI TRÀ | F54: Số 45 Chương Dương, Phường Nguyễn Văn Cừ, Thành phố Quy Nhơn, Tỉnh Bình Định, Việt Nam | G54: 284537 | H54: 22763 | I54: 307300 | J54: Hóa đơn đã bị điều chỉnh | K54: 2409152GU6KVH6 | L54: Shopee | M54: BHHS2024005432 | O54: 406481 | P54: 32519 | Q54: 00002577 | R54: 121944 | S54: 9756 | T54: =G54+R54 -> 406481 | U54: =H54+S54 -> 32519 | V54: =O54-G54-R54 -> 0 | W54: =P54-H54-S54 -> 0
A55: 1C24TUV | B55: 470 | C55: 24/09/2024 | D55: 0312183038 | E55: CÔNG TY CỔ PHẦN PHÁT TRIỂN BỀN VỮNG OSHE | F55: 499/44/19C Quang Trung, Phường 10, Quận Gò Vấp, Thành phố Hồ Chí Minh, Việt Nam | G55: 1148074 | H55: 91846 | I55: 1239920 | J55: Hóa đơn mới | K55: 240922KSVVPXQB | L55: Shopee | M55: BHHS2024005702 | O55: 1304630 | P55: 104370 | V55: =O55-G55-R55 -> 156556 | W55: =P55-H55-S55 -> 12524
A56: 1C24TUV | B56: 471 | C56: 24/09/2024 | D56: 4001007661 | E56: CÔNG TY TNHH THƯƠNG MẠI & DỊCH VỤ PHƯƠNG NAM THÀNH | F56: 104 Nguyễn Thái Học, Phường An Mỹ, Thành phố Tam Kỳ, Tỉnh Quảng Nam, Việt Nam | G56: 786111 | H56: 62889 | I56: 849000 | J56: Hóa đơn đã bị điều chỉnh | K56: 579361174110767459 | L56: Tiktok | M56: BHHT2024015032 | O56: 925000 | P56: 74000 | Q56: 00002627 | R56: 138889 | S56: 11111 | T56: =G56+R56 -> 925000 | U56: =H56+S56 -> 74000 | V56: =O56-G56-R56 -> 0 | W56: =P56-H56-S56 -> 0
A57: 1C24TUV | B57: 479 | C57: 26/09/2024 | D57: 0317762776 | E57: CÔNG TY TNHH XÂY DỰNG MINH KIM ANH | F57: Số 13/16A đường số 18, Phường Linh Chiểu, Thành phố Thủ Đức, Thành phố Hồ Chí Minh, Việt Nam | G57: 3405111 | H57: 272409 | I57: 3677520 | J57: Hóa đơn đã bị điều chỉnh | K57: 240925V8X6Q65R | L57: Shopee | M57: BHHS2024005853 | O57: 3869444 | P57: 309556 | Q57: 00002579 | R57: 464333 | S57: 37147 | T57: =G57+R57 -> 3869444 | U57: =H57+S57 -> 309556 | V57: =O57-G57-R57 -> 0 | W57: =P57-H57-S57 -> 0
A58: 1C24TUV | B58: 378 | C58: 07/08/2024 | D58: 0100283873 | E58: NGÂN HÀNG THƯƠNG MẠI CỔ PHẦN QUÂN ĐỘI | F58: Số 18 Lê Văn Lương, Phường Trung Hoà, Quận Cầu Giấy, Thành phố Hà Nội, Việt Nam | G58: 2295370 | H58: 183630 | I58: 2479000 | J58: Hóa đơn mới | K58: 579163497285257509 | L58: Tiktok | M58: BHHT2024013876 | O58: 2295370 | P58: 183630 | V58: =O58-G58-R58 -> 0 | W58: =P58-H58-S58 -> 0
A59: 1C24TUV | B59: 379 | C59: 12/08/2024 | D59: 0101311315 | E59: CÔNG TY CỔ PHẦN XÂY DỰNG PHỤC HƯNG HOLDINGS | F59: Tầng 1, Tháp A, Tòa Nhà CT2 (The Light), đường Tố Hữu, Phường Trung Văn, Quận Nam Từ Liêm, Thành phố Hà Nội, Việt Nam | G59: 1447361 | H59: 115789 | I59: 1563150 | J59: Hóa đơn đã bị điều chỉnh | K59: 240808R2HDWFE9 | L59: Shopee | M59: BHHS2024004296 | O59: 1702778 | P59: 136222 | Q59: 00002570 | R59: 255417 | S59: 20433 | T59: =G59+R59 -> 1702778 | U59: =H59+S59 -> 136222 | V59: =O59-G59-R59 -> 0 | W59: =P59-H59-S59 -> 0
A60: 1C24TUV | B60: 380 | C60: 12/08/2024 | D60: 0314382550 | E60: CÔNG TY TNHH ĐẦU TƯ XÂY DỰNG KIẾN TRÚC NHÀ NHIỆT ĐỚI | F60: 692/11 Xô Viết Nghệ Tĩnh, Phường 25, Quận Bình Thạnh, Thành phố Hồ Chí Minh, Việt Nam | G60: 1505556 | H60: 120444 | I60: 1626000 | J60: Hóa đơn đã bị điều chỉnh | K60: 579175521444071480 | L60: Tiktok | M60: BHHT2024013466 | O60: 1663333 | P60: 133067 | Q60: 00002622 | R60: 157777 | S60: 12622 | T60: =G60+R60 -> 1663333 | U60: =H60+S60 -> 133066 | V60: =O60-G60-R60 -> 0 | W60: =P60-H60-S60 -> 1
A61: 1C24TUV | B61: 386 | C61: 15/08/2024 | D61: 3702974471 | E61: CÔNG TY TNHH VẬT LIỆU BAO BÌ QUỐC ĐẰNG | F61: ô 54 + ô 56, Lô Dc57, Đường NA4, KĐC Việt Sing, Phường Thuận Giao, Thành phố Thuận An, Tỉnh Bình Dương, Việt Nam | G61: 3032500 | H61: 242600 | I61: 3275100 | J61: Hóa đơn đã bị điều chỉnh | K61: 578860365679135604 | L61: Tiktok | M61: BHHT2024005861 | O61: 3406481 | P61: 272519 | Q61: 00002623 | R61: 373981 | S61: 29918 | T61: =G61+R61 -> 3406481 | U61: =H61+S61 -> 272518 | V61: =O61-G61-R61 -> 0 | W61: =P61-H61-S61 -> 1
A62: 1C24TUV | B62: 387 | C62: 20/08/2024 | D62: 0100274124-003 | E62: CHI NHÁNH CÔNG TY TNHH THƯƠNG MẠI DƯỢC PHẨM ĐÔNG Á | F62: 283/26-28 Cách Mạng Tháng Tám, Phường 12, Quận 10, Thành phố Hồ Chí Minh, Việt Nam | G62: 72618000 | H62: 5809440 | I62: 78427440 | J62: Hóa đơn mới | K62: HD007034 | L62: Ngoài sàn | M62: BHHN2024000060 | O62: 72618000 | P62: 5809440 | V62: =O62-G62-R62 -> 0 | W62: =P62-H62-S62 -> 0
A63: 1C24TUV | B63: 392 | C63: 21/08/2024 | D63: 0109602644 | E63: CÔNG TY TNHH ICAPITAL | F63: Tẩng 10, Gelex Tower, 52 Lê Đại Hành, Phường Lê Đại Hành, Quận Hai Bà Trưng, Thành phố Hà Nội, Việt Nam | G63: 670185 | H63: 53615 | I63: 723800 | J63: Hóa đơn mới | K63: 240808QW9TGB1F | L63: Shopee | M63: BHHS2024004271 | O63: 957407 | P63: 76593 | V63: =O63-G63-R63 -> 287222 | W63: =P63-H63-S63 -> 22978
A64: 1C24TUV | B64: 393 | C64: 21/08/2024 | D64: 0315793560 | E64: CÔNG TY TNHH SẢN XUẤT VÀ ĐẦU TƯ AKIA | F64: 132 Võ Thị Sáu, Phường Võ Thị Sáu, Quận 3, Thành phố Hồ Chí Minh, Việt Nam | G64: 8518519 | H64: 681482 | I64: 9200001 | J64: Hóa đơn mới | K64: HD007027 | L64: Ngoài sàn | M64: BHHN2024000061 | O64: 8518519 | P64: 681481 | V64: =O64-G64-R64 -> 0 | W64: =P64-H64-S64 -> -1
A65: 1C24TUV | B65: 394 | C65: 21/08/2024 | D65: 0315793560 | E65: CÔNG TY TNHH SẢN XUẤT VÀ ĐẦU TƯ AKIA | F65: 132 Võ Thị Sáu, Phường Võ Thị Sáu, Quận 3, Thành phố Hồ Chí Minh, Việt Nam | G65: 1342593 | H65: 107407 | I65: 1450000 | J65: Hóa đơn mới | K65: HD007026 | L65: Ngoài sàn | M65: BHHN2024000070 | O65: 1342593 | P65: 107407 | V65: =O65-G65-R65 -> 0 | W65: =P65-H65-S65 -> 0
A66: 1C24TUV | B66: 395 | C66: 21/08/2024 | D66: 2300720588 | E66: CÔNG TY TNHH SẢN XUẤT VÀ THƯƠNG MẠI DAVIMAX | F66: Khu Bồ Sơn, Phường Võ Cường, Thành phố Bắc Ninh, Tỉnh Bắc Ninh, Việt Nam | G66: 4981482 | H66: 398519 | I66: 5380001 | J66: Hóa đơn mới | K66: HD006987 | L66: Ngoài sàn | M66: BHHN2024000066 | O66: 4981481 | P66: 398519 | V66: =O66-G66-R66 -> -1 | W66: =P66-H66-S66 -> 0
A67: 1C24TUV | B67: 431 | C67: 29/08/2024 | D67: 0102193093-007 | E67: CHI NHÁNH CÔNG TY CỔ PHẦN GIÁO DỤC VÀ GIẢI TRÍ TRẺ THƠ - TRƯỜNG MẦM NON VƯỜN KHÁM PHÁ (SMALL WONDER) QUẬN GÒ VẤP | F67: Số 616/36 Lê Đức Thọ, Phường 15, Quận Gò Vấp, Thành phố Hồ Chí Minh, Việt Nam | G67: 2264370 | H67: 181150 | I67: 2445520 | J67: Hóa đơn đã bị điều chỉnh | K67: 240826A8UTM8CU | L67: Shopee | M67: BHHS2024004749 | O67: 2573148 | P67: 205852 | Q67: 00002571 | R67: 308778 | S67: 24702 | T67: =G67+R67 -> 2573148 | U67: =H67+S67 -> 205852 | V67: =O67-G67-R67 -> 0 | W67: =P67-H67-S67 -> 0
A68: 1C24TUV | B68: 342 | C68: 03/07/2024 | D68: 2803071812 | E68: CÔNG TY TNHH THƯƠNG MẠI DỊCH VỤ SMART LIFE VIỆT NAM | F68: Số nhà 10/27 Mai An Tiêm, Phường Lam Sơn, Thành phố Thanh Hoá, Tỉnh Thanh Hoá, Việt Nam | G68: 3240741 | H68: 259259 | I68: 3500000 | J68: Hóa đơn mới | K68: HD006790 | L68: Ngoài sàn | M68: BHHN2024000087 | O68: 3240741 | P68: 259259 | V68: =O68-G68-R68 -> 0 | W68: =P68-H68-S68 -> 0
A69: 1C24TUV | B69: 344 | C69: 18/07/2024 | D69: 0309489918-009 | E69: CHI NHÁNH HẢI PHÒNG - CÔNG TY TNHH MỘT THÀNH VIÊN KHÁCH SẠN AZUMAYA | F69: Số 195 đường Vũ Trọng Khánh, Phường Đằng Giang, Quận Ngô Quyền, Thành phố Hải Phòng, Việt Nam | G69: 8453704 | H69: 676296 | I69: 9130000 | J69: Hóa đơn mới | K69: HD006835.01 HD006836.01 | L69: Ngoài sàn | M69: BHHN2024000079 BHHN2024000078 | O69: =5814815+2638889 -> 8453704 | P69: =465185+211111 -> 676296 | V69: =O69-G69-R69 -> 0 | W69: =P69-H69-S69 -> 0 | X69: Đã chỉnh gộp đơn trên AMIS thành BHHN2024000078
A70: 1C24TUV | B70: 345 | C70: 19/07/2024 | D70: 0309489918-005 | E70: CHI NHÁNH KIM MÃ 2 - CÔNG TY TNHH MỘT THÀNH VIÊN KHÁCH SẠN AZUMAYA | F70: Số 18A Phạm Huy Thông, Phường Ngọc Khánh, Quận Ba Đình, Thành phố Hà Nội, Việt Nam | G70: 1475926 | H70: 118074 | I70: 1594000 | J70: Hóa đơn mới | K70: HD006832.01 | L70: Ngoài sàn | M70: BHHN2024000082 | O70: 1475926 | P70: 118074 | V70: =O70-G70-R70 -> 0 | W70: =P70-H70-S70 -> 0
A71: 1C24TUV | B71: 346 | C71: 19/07/2024 | D71: 0309489918-010 | E71: CHI NHÁNH KIM MÃ 3 - CÔNG TY TNHH MỘT THÀNH VIÊN KHÁCH SẠN AZUMAYA | F71: Số 68 Phạm Huy Thông, Phường Ngọc Khánh, Quận Ba Đình, Thành phố Hà Nội, Việt Nam | G71: 26566667 | H71: 2125333 | I71: 28692000 | J71: Hóa đơn mới | K71: HD006834.01 | L71: Ngoài sàn | M71: BHHN2024000080 | O71: 26566667 | P71: 2125333 | V71: =O71-G71-R71 -> 0 | W71: =P71-H71-S71 -> 0
A72: 1C24TUV | B72: 347 | C72: 19/07/2024 | D72: 0309489918-008 | E72: CHI NHÁNH LINH LANG - CÔNG TY TNHH MỘT THÀNH VIÊN KHÁCH SẠN AZUMAYA | F72: Số 26, phố Linh Lang, Phường Cống Vị, Quận Ba Đình, Thành phố Hà Nội, Việt Nam | G72: 30994444 | H72: 2479556 | I72: 33474000 | J72: Hóa đơn mới | K72: HD006833.01 | L72: Ngoài sàn | M72: BHHN2024000081 | O72: 30994444 | P72: 2479556 | V72: =O72-G72-R72 -> 0 | W72: =P72-H72-S72 -> 0
A73: 1C24TUV | B73: 348 | C73: 19/07/2024 | D73: 0309489918-001 | E73: CHI NHÁNH HÀ NỘI - CÔNG TY TNHH MỘT THÀNH VIÊN KHÁCH SẠN AZUMAYA | F73: Số 16 Bùi Thị Xuân, Phường Nguyễn Du, Quận Hai Bà Trưng, Thành phố Hà Nội, Việt Nam | G73: 14759259 | H73: 1180741 | I73: 15940000 | J73: Hóa đơn mới | K73: HD006831.01 | L73: Ngoài sàn | M73: BHHN2024000083 | O73: 14759259 | P73: 1180741 | V73: =O73-G73-R73 -> 0 | W73: =P73-H73-S73 -> 0
A74: 1C24TUV | B74: 349 | C74: 19/07/2024 | D74: 0318358598 | E74: CÔNG TY TNHH CYBERTOK | F74: Số 14 đường Sông Thao, Phường 2, Quận Tân Bình, Thành phố Hồ Chí Minh, Việt Nam | G74: 2315833 | H74: 185267 | I74: 2501100 | J74: Hóa đơn đã bị điều chỉnh | K74: 579076274781849614 | L74: Tiktok | M74: BHHT2024010766 | O74: 2573148 | P74: 205852 | Q74: 00002621 | R74: 257315 | S74: 20585 | T74: =G74+R74 -> 2573148 | U74: =H74+S74 -> 205852 | V74: =O74-G74-R74 -> 0 | W74: =P74-H74-S74 -> 0
A75: 1C24TUV | B75: 359 | C75: 24/07/2024 | D75: 0309489918-004 | E75: CHI NHÁNH ĐÀ NẴNG - CÔNG TY TNHH MỘT THÀNH VIÊN KHÁCH SẠN AZUMAYA | F75: 31- Nguyễn Tất Thành, Phường Thanh Bình, Quận Hải Châu, Thành phố Đà Nẵng, Việt Nam | G75: 4361111 | H75: 348889 | I75: 4710000 | J75: Hóa đơn mới | K75: HD006841.01 | L75: Ngoài sàn | M75: BHHN2024000077 | O75: 4361111 | P75: 348889 | V75: =O75-G75-R75 -> 0 | W75: =P75-H75-S75 -> 0
A76: 1C24TUV | B76: 360 | C76: 29/07/2024 | D76: 3401241946 | E76: CÔNG TY TNHH THƯƠNG MẠI - XÂY DỰNG - CƠ ĐIỆN THỦY TIẾN | F76: Số 124 Tuyên Quang, Phường Phú Thủy, Thành phố Phan Thiết, Tỉnh Bình Thuận, Việt Nam | G76: 1971296 | H76: 157704 | I76: 2129000 | J76: Hóa đơn mới | K76: 240707VMXSUE8J | L76: Shopee | M76: BHHS2024003304 | O76: 2202778 | P76: 176222 | V76: =O76-G76-R76 -> 231482 | W76: =P76-H76-S76 -> 18518
A77: 1C24TUV | B77: 267 | C77: 11/06/2024 | D77: 0317205768 | E77: CÔNG TY TNHH TRUYỀN THÔNG SPY | F77: 471 Lê Đức Thọ, Phường 16, Quận Gò Vấp, Thành phố Hồ Chí Minh, Việt Nam | G77: 1054630 | H77: 84370 | I77: 1139000 | J77: Hóa đơn mới | K77: 578853156049422817 | L77: Tiktok | M77: BHHT2024005932 | O77: 1054630 | P77: 84370 | V77: =O77-G77-R77 -> 0 | W77: =P77-H77-S77 -> 0
A78: 1C24TUV | B78: 268 | C78: 11/06/2024 | D78: 0318279201 | E78: CÔNG TY TNHH SMALL DUCK VIỆT NAM | F78: Số 136A-138 Quang Trung, Phường 10, Quận Gò Vấp, Thành phố Hồ Chí Minh, Việt Nam | G78: 499630 | H78: 39970 | I78: 539600 | J78: Hóa đơn đã bị điều chỉnh | K78: 2406057T7MUCD7 | L78: Shopee | M78: BHHS2024002590 | O78: 451852 | P78: 36148 | Q78: 00002562 | R78: -47778 | S78: -3822 | T78: =G78+R78 -> 451852 | U78: =H78+S78 -> 36148 | V78: =O78-G78-R78 -> 0 | W78: =P78-H78-S78 -> 0
A79: 1C24TUV | B79: 289 | C79: 17/06/2024 | D79: 0314094707 | E79: CÔNG TY TNHH THƯƠNG MẠI XUẤT NHẬP KHẨU 789 | F79: 155 đường Hai Bà Trưng, Phường Võ Thị Sáu, Quận 3, Thành phố Hồ Chí Minh, Việt Nam | G79: 2182176 | H79: 174574 | I79: 2356750 | J79: Hóa đơn đã bị điều chỉnh | K79: 240606A4VN9JYD | L79: Shopee | M79: BHHS2024002704 | O79: 2541667 | P79: 203333 | Q79: 00002565 | R79: 359491 | S79: 28759 | T79: =G79+R79 -> 2541667 | U79: =H79+S79 -> 203333 | V79: =O79-G79-R79 -> 0 | W79: =P79-H79-S79 -> 0
A80: 1C24TUV | B80: 311 | C80: 21/06/2024 | D80: 0312276204 | E80: CÔNG TY TNHH ANTS MEDIA | F80: 251/54 Lê Quang Định, Phường 7, Quận Bình Thạnh, Thành phố Hồ Chí Minh, Việt Nam | G80: 2710741 | H80: 216859 | I80: 2927600 | J80: Hóa đơn đã bị điều chỉnh | K80: 240619DGK9SCGY | L80: Shopee | M80: BHHS2024003014 | O80: 2665741 | P80: 213259 | Q80: 00002566 | R80: -45000 | S80: -3600 | T80: =G80+R80 -> 2665741 | U80: =H80+S80 -> 213259 | V80: =O80-G80-R80 -> 0 | W80: =P80-H80-S80 -> 0
A81: 1C24TUV | B81: 329 | C81: 27/06/2024 | D81: 0317770953 | E81: CÔNG TY CỔ PHẦN ONEIT | F81: Lầu 1, 170-170 Bis Bùi Thị Xuân, Phường Phạm Ngũ Lão, Quận 1, Thành phố Hồ Chí Minh, Việt Nam | G81: 879185 | H81: 70335 | I81: 949520 | J81: Hóa đơn đã bị điều chỉnh | K81: 2406261UY61KHG | L81: Shopee | M81: BHHS2024003176 | O81: 999074 | P81: 79926 | Q81: 00002568 | R81: 119889 | S81: 9591 | T81: =G81+R81 -> 999074 | U81: =H81+S81 -> 79926 | V81: =O81-G81-R81 -> 0 | W81: =P81-H81-S81 -> 0
A82: 1C24TUV | B82: 218 | C82: 03/05/2024 | D82: 0313342918 | E82: CÔNG TY CỔ PHẦN THƯƠNG MẠI VÀ DỊCH VỤ SAGEN | F82: 19 Đường 59A-TML, Khu phố 1, Phường Thạnh Mỹ Lợi, Thành phố Thủ Đức, Thành phố Hồ Chí Minh, Việt Nam | G82: 8674074 | H82: 693926 | I82: 9368000 | J82: Hóa đơn đã bị điều chỉnh | K82: 578770925371427801 | L82: Tiktok | M82: BHHT2024007361 | O82: 8467593 | P82: 677407 | Q82: 00001560 | R82: -206481 | S82: -16518 | T82: =G82+R82 -> 8467593 | U82: =H82+S82 -> 677408 | V82: =O82-G82-R82 -> 0 | W82: =P82-H82-S82 -> -1
A83: 1C24TUV | B83: 219 | C83: 07/05/2024 | D83: 0318166409 | E83: CÔNG TY TNHH TRUYỀN THÔNG VÀ SỰ KIỆN CARPE DIEM | F83: 31/19/26 Huỳnh Thiện Lộc, Phường Hoà Thạnh, Quận Tân phú, Thành phố Hồ Chí Minh, Việt Nam | G83: 1857407 | H83: 148593 | I83: 2006000 | J83: Hóa đơn đã bị điều chỉnh | K83: 240425KQ1REQY1 | L83: Shopee | M83: BHHS2024001867 | O83: 2185185 | P83: 174815 | Q83: 00001543 | R83: 327778 | S83: 26222 | T83: =G83+R83 -> 2185185 | U83: =H83+S83 -> 174815 | V83: =O83-G83-R83 -> 0 | W83: =P83-H83-S83 -> 0
A84: 1C24TUV | B84: 220 | C84: 07/05/2024 | D84: 0318166409 | E84: CÔNG TY TNHH TRUYỀN THÔNG VÀ SỰ KIỆN CARPE DIEM | F84: 31/19/26 Huỳnh Thiện Lộc, Phường Hoà Thạnh, Quận Tân phú, Thành phố Hồ Chí Minh, Việt Nam | G84: 1649167 | H84: 131933 | I84: 1781100 | J84: Hóa đơn đã bị điều chỉnh | K84: 240428VTBXP11B | L84: Shopee | M84: BHHS2024001956 | O84: 1832407 | P84: 146593 | Q84: 00001544 | R84: 183240 | S84: 14659 | T84: =G84+R84 -> 1832407 | U84: =H84+S84 -> 146592 | V84: =O84-G84-R84 -> 0 | W84: =P84-H84-S84 -> 1
A85: 1C24TUV | B85: 234 | C85: 14/05/2024 | D85: 0309793900 | E85: CÔNG TY TNHH KMS TECHNOLOGY VIỆT NAM | F85: Số 2 đường Tản Viên, Phường 2, Quận Tân Bình, Thành phố Hồ Chí Minh, Việt Nam | G85: 817731 | H85: 65418 | I85: 883149 | J85: Hóa đơn đã bị điều chỉnh | K85: 2405112TBDQ1HM | L85: Shopee | M85: BHHS2024002221 | O85: 962037 | P85: 76963 | Q85: 00001551 | R85: 144306 | S85: 11544 | T85: =G85+R85 -> 962037 | U85: =H85+S85 -> 76962 | V85: =O85-G85-R85 -> 0 | W85: =P85-H85-S85 -> 1
A86: 1C24TUV | B86: 242 | C86: 23/05/2024 | D86: 0315793560 | E86: CÔNG TY TNHH SẢN XUẤT VÀ ĐẦU TƯ AKIA | F86: 132 Võ Thị Sáu, Phường Võ Thị Sáu, Quận 3, Thành phố Hồ Chí Minh, Việt Nam | G86: 4259259 | H86: 340741 | I86: 4600000 | J86: Hóa đơn mới | K86: HD006495.01 | L86: Ngoài sàn | M86: BHHN2024000102 | O86: 4259259 | P86: 340741 | V86: =O86-G86-R86 -> 0 | W86: =P86-H86-S86 -> 0
A87: 1C24TUV | B87: 243 | C87: 27/05/2024 | D87: 0318387849 | E87: CÔNG TY TNHH TRANS MEDIA | F87: 572A/6, đường Trần Hưng Đạo, Phường 02, Quận 5, Thành phố Hồ Chí Minh, Việt Nam | G87: 1050000 | H87: 84000 | I87: 1134000 | J87: Hóa đơn mới | K87: 2405246YP4EKB5 | L87: Shopee | M87: BHHS2024002385 | O87: 1054630 | P87: 84370 | V87: =O87-G87-R87 -> 4630 | W87: =P87-H87-S87 -> 370
A88: 1C24TUV | B88: 244 | C88: 27/05/2024 | D88: 0315793560 | E88: CÔNG TY TNHH SẢN XUẤT VÀ ĐẦU TƯ AKIA | F88: 132 Võ Thị Sáu, Phường Võ Thị Sáu, Quận 3, Thành phố Hồ Chí Minh, Việt Nam | G88: 4259259 | H88: 340741 | I88: 4600000 | J88: Hóa đơn mới | K88: HD006505.01 | L88: Ngoài sàn | M88: BHHN2024000101 | O88: 4259259 | P88: 340741 | V88: =O88-G88-R88 -> 0 | W88: =P88-H88-S88 -> 0
A89: 1C24TUV | B89: 245 | C89: 28/05/2024 | D89: 0301417333 | E89: CÔNG TY TNHH THƯƠNG MẠI VÀ SẢN XUẤT TÂN VẠN PHÚC | F89: 5/6 Quốc lộ 1A, ấp 3, Xã Tân Quý Tây, Huyện Bình Chánh, Thành phố Hồ Chí Minh, Việt Nam | G89: 1591667 | H89: 127333 | I89: 1719000 | J89: Hóa đơn đã bị điều chỉnh | K89: 578872398699530297 | L89: Tiktok | M89: BHHT2024005648 | O89: 1702778 | P89: 136222 | Q89: 00002620 | R89: 111111 | S89: 8889 | T89: =G89+R89 -> 1702778 | U89: =H89+S89 -> 136222 | V89: =O89-G89-R89 -> 0 | W89: =P89-H89-S89 -> 0
A90: 1C24TUV | B90: 132 | C90: 05/04/2024 | D90: 0309489918 | E90: CÔNG TY TNHH MỘT THÀNH VIÊN KHÁCH SẠN AZUMAYA | F90: 8A/7D1 - 8A/8D1 - 8A/9D1 Thái Văn Lung, Phường Bến Nghé, Quận 1, Thành phố Hồ Chí Minh, Việt Nam | G90: 16296296 | H90: 1303704 | I90: 17600000 | J90: Hóa đơn mới | K90: HD006467.01 | L90: Ngoài sàn | M90: BHHN2024000113 | O90: 26851852 | P90: 2148148 | V90: =O90-G90-R90 -> 10555556 | W90: =P90-H90-S90 -> 844444 | X90: Đã chỉnh thành 2 đơn hàng trên Amis: BHHN2024000113 BHHN2024000113.1
A91: 1C24TUV | B91: 135 | C91: 06/04/2024 | D91: 0309489918 | E91: CÔNG TY TNHH MỘT THÀNH VIÊN KHÁCH SẠN AZUMAYA | F91: 8A/7D1 - 8A/8D1 - 8A/9D1 Thái Văn Lung, Phường Bến Nghé, Quận 1, Thành phố Hồ Chí Minh, Việt Nam | G91: 10555556 | H91: 844444 | I91: 11400000 | J91: Hóa đơn mới | K91: HD006467.01 | L91: Ngoài sàn | M91: BHHN2024000113.1 | O91: 26851852 | P91: 2148148 | V91: =O91-G91-R91 -> 16296296 | W91: =P91-H91-S91 -> 1303704
A92: 1C24TUV | B92: 162 | C92: 09/04/2024 | D92: 0316160754 | E92: CÔNG TY TNHH NHIÊN HOUSE | F92: 37 Trần Văn Khánh, Phường Tân Thuận Đông, Quận 7, Thành phố Hồ Chí Minh, Việt Nam | G92: 1151111 | H92: 92089 | I92: 1243200 | J92: Hóa đơn đã bị điều chỉnh | K92: 240404TV8XD9PS | L92: Shopee | M92: BHHS2024001426 | O92: 1644444 | P92: 131556 | Q92: 00001223 | R92: 493333 | S92: 39467 | T92: =G92+R92 -> 1644444 | U92: =H92+S92 -> 131556 | V92: =O92-G92-R92 -> 0 | W92: =P92-H92-S92 -> 0
A93: 1C24TUV | B93: 163 | C93: 09/04/2024 | D93: 0105355296 | E93: CÔNG TY CỔ PHẦN NTQ SOLUTION | F93: Số 129, Đường Nguyễn Lương Bằng, Phường Nam Đồng, Quận Đống đa, Thành phố Hà Nội, Việt Nam | G93: 1229556 | H93: 98364 | I93: 1327920 | J93: Hóa đơn mới | K93: 240320JN1RKCC8 | L93: Shopee | M93: BHHS2024001258 | O93: 1397222 | P93: 111778 | V93: =O93-G93-R93 -> 167666 | W93: =P93-H93-S93 -> 13414
A94: 1C24TUV | B94: 164 | C94: 10/04/2024 | D94: 0310596706 | E94: CÔNG TY CỔ PHẦN MAJOR EDUCATION | F94: 269A Nguyễn Trọng Tuyển, Phường 10, Quận Phú Nhuận, Thành phố Hồ Chí Minh, Việt Nam | G94: 1795370 | H94: 143630 | I94: 1939000 | J94: Hóa đơn mới | K94: HD006478.01 | L94: Ngoài sàn | M94: BHHN2024000110 | O94: 1795370 | P94: 143630 | V94: =O94-G94-R94 -> 0 | W94: =P94-H94-S94 -> 0
A95: 1C24TUV | B95: 169 | C95: 15/04/2024 | D95: 8127675505-001 | E95: HỘ KINH DOANH CỬA HÀNG DỤNG CỤ Y TẾ KHÁNH VIỄN | F95: 18 Trường Chinh, TDP Bãi Giếng 1, Thị trấn Cam Đức, Huyện Cam Lâm, Tỉnh Khánh Hòa, Việt Nam | G95: 13430556 | H95: 1074444 | I95: 14505000 | J95: Hóa đơn mới | K95: HD006483 | L95: Ngoài sàn | M95: BHHN2024000106 | O95: 13430556 | P95: 1074444 | V95: =O95-G95-R95 -> 0 | W95: =P95-H95-S95 -> 0
A96: 1C24TUV | B96: 170 | C96: 20/04/2024 | D96: 0110490847 | E96: CÔNG TY TNHH THỔ KIM PHÁT | F96: 29/44 Nguyễn Đình Chiểu, Phường Lê Đại Hành, Quận Hai Bà Trưng, Thành phố Hà Nội, Việt Nam | G96: 2420370 | H96: 193630 | I96: 2614000 | J96: Hóa đơn đã bị điều chỉnh | K96: 578732467779438606 | L96: Tiktok | M96: BHHT2024003677 | O96: 2462037 | P96: 196963 | Q96: 00002615 | R96: 41667 | S96: 3333 | T96: =G96+R96 -> 2462037 | U96: =H96+S96 -> 196963 | V96: =O96-G96-R96 -> 0 | W96: =P96-H96-S96 -> 0
A97: 1C24TUV | B97: 175 | C97: 22/04/2024 | D97: 0311950572 | E97: CÔNG TY CỔ PHẦN QUẢNG CÁO VÀ THƯƠNG MẠI GSOLUTION | F97: 90/12/1/16 Bông Sao, Phường 5, Quận 8, Thành phố Hồ Chí Minh, Việt Nam | G97: 78703704 | H97: 6296296 | I97: 85000000 | J97: Hóa đơn mới | K97: HD006548 | L97: Ngoài sàn | M97: BHHN2024000100 | O97: 78703704 | P97: 6296296 | V97: =O97-G97-R97 -> 0 | W97: =P97-H97-S97 -> 0
A98: 1C24TUV | B98: 183 | C98: 25/04/2024 | D98: 0318228694 | E98: CÔNG TY TNHH DRACO LOGISTICS VIỆT NAM | F98: 1/3/6 Nguyễn Thái Sơn, Phường 3, Quận Gò Vấp, Thành phố Hồ Chí Minh, Việt Nam | G98: 1600926 | H98: 128074 | I98: 1729000 | J98: Hóa đơn đã bị điều chỉnh | K98: 578702034028431546 | L98: Tiktok | M98: BHHT2024005238 | O98: 1670370 | P98: 133630 | Q98: 00002616 | R98: 69444 | S98: 5556 | T98: =G98+R98 -> 1670370 | U98: =H98+S98 -> 133630 | V98: =O98-G98-R98 -> 0 | W98: =P98-H98-S98 -> 0
A99: 1C24TUV | B99: 185 | C99: 26/04/2024 | D99: 1702245926 | E99: CÔNG TY TNHH MỘT THÀNH VIÊN THƯƠNG MẠI TƯ VẤN XÂY DỰNG MỸ HÒA | F99: Số 616, quốc lộ 80, khu phố Ngã Ba, Thị trấn Kiên Lương, Huyện Kiên Lương, Tỉnh Kiên Giang, Việt Nam | G99: 29274044 | H99: 2341924 | I99: 31615968 | J99: Hóa đơn mới | K99: HD006535 | L99: Ngoài sàn | M99: BHHN2024000107 | O99: 29274044 | P99: 2341923 | V99: =O99-G99-R99 -> 0 | W99: =P99-H99-S99 -> -1
A100: 1C24TUV | B100: 110 | C100: 15/03/2024 | D100: 0315793560 | E100: CÔNG TY TNHH SẢN XUẤT VÀ ĐẦU TƯ AKIA | F100: 132 Võ Thị Sáu, Phường Võ Thị Sáu, Quận 3, Thành phố Hồ Chí Minh, Việt Nam | G100: 1574074 | H100: 125926 | I100: 1700000 | J100: Hóa đơn mới | K100: HD006365 | L100: Ngoài sàn | M100: BHHN2024000128 | O100: 1574074 | P100: 125926 | V100: =O100-G100-R100 -> 0 | W100: =P100-H100-S100 -> 0
A101: 1C24TUV | B101: 111 | C101: 15/03/2024 | D101: 0315793560 | E101: CÔNG TY TNHH SẢN XUẤT VÀ ĐẦU TƯ AKIA | F101: 132 Võ Thị Sáu, Phường Võ Thị Sáu, Quận 3, Thành phố Hồ Chí Minh, Việt Nam | G101: 3888889 | H101: 311111 | I101: 4200000 | J101: Hóa đơn mới | K101: HD003733.01.02 | L101: Ngoài sàn | M101: BHH2023005090 | N101: Đơn hàng ghi nhận 2023, xuất hóa đơn 24 => sai thời điểm | O101: #N/A | P101: #N/A | V101: =O101-G101-R101 -> #N/A | W101: =P101-H101-S101 -> #N/A
A102: 1C24TUV | B102: 112 | C102: 19/03/2024 | D102: 0102970529 | E102: CÔNG TY TNHH SPECTOS ASIA | F102: ô số 3, 4, 5 Tầng 3, Tòa nhà IDMC Duy Tân, số 21 Duy Tân, Phường Dịch Vọng Hậu, Quận Cầu Giấy, Thành phố Hà Nội, Việt Nam | G102: 2554074 | H102: 204326 | I102: 2758400 | J102: Hóa đơn mới | K102: 578636425503148361 | L102: Tiktok | M102: BHHT2024002204 | O102: 2546296 | P102: 203704 | V102: =O102-G102-R102 -> -7778 | W102: =P102-H102-S102 -> -622
...

Sheet F0, F1, F2, ...
A1: F0 — Hóa đơn gốc | H1: F1 — Điều chỉnh | N1: F2 — Điều chỉnh | T1: F3 — Điều chỉnh | Z1: Giá trị cộng dồn và kiểm tra | AD1: F4 — Hóa đơn dự kiến tạo | AJ1: F5 — Hóa đơn dự kiến tạo | AP1: F6 — Hóa đơn dự kiến tạo | AV1: F7 — Hóa đơn dự kiến tạo | BB1: Cộng dồn sau F4–F7 (dự kiến)
A2: Ký hiệu | B2: Năm | C2: Số hóa đơn | D2: Ngày | E2: Tiền hàng | F2: Thuế | G2: Thanh toán | H2: Ký hiệu 1 | I2: Số hóa đơn 1 | J2: Ngày 1 | K2: Tiền hàng 1 | L2: Thuế 1 | M2: Thanh toán 1 | N2: Ký hiệu 2 | O2: Số hóa đơn 2 | P2: Ngày 2 | Q2: Tiền hàng 2 | R2: Thuế 2 | S2: Thanh toán 2 | T2: Ký hiệu 3 | U2: Số hóa đơn 3 | V2: Ngày 3 | W2: Tiền hàng 3 | X2: Thuế 3 | Y2: Thanh toán 3 | Z2: Cộng dồn tiền hàng | AA2: Cộng dồn thuế | AB2: Cộng dồn thanh toán | AC2: Cần kiểm tra | AD2: Nội dung F4 / HĐ tham chiếu | AE2: Số HĐ mới F4 | AF2: Ngày HĐ mới F4 | AG2: Tiền hàng F4 | AH2: Thuế F4 | AI2: Thanh toán F4 | AJ2: Nội dung F5 / HĐ tham chiếu | AK2: Số HĐ mới F5 | AL2: Ngày HĐ mới F5 | AM2: Tiền hàng F5 | AN2: Thuế F5 | AO2: Thanh toán F5 | AP2: Nội dung F6 / HĐ tham chiếu | AQ2: Số HĐ mới F6 | AR2: Ngày HĐ mới F6 | AS2: Tiền hàng F6 | AT2: Thuế F6 | AU2: Thanh toán F6 | AV2: Nội dung F7 / HĐ tham chiếu | AW2: Số HĐ mới F7 | AX2: Ngày HĐ mới F7 | AY2: Tiền hàng F7 | AZ2: Thuế F7 | BA2: Thanh toán F7 | BB2: Cộng dồn tiền hàng sau dự kiến | BC2: Cộng dồn thuế sau dự kiến | BD2: Cộng dồn thanh toán sau dự kiến
A3: 1C24TUV | B3: {=INDEX('HD cty 2024'!B:B,MATCH('F0, F1, F2, ...'!$C3,'HD cty 2024'!B:B,0))} -> #N/A | C3: 3 | D3: 45301 | E3: 11334130 | F3: 906730 | G3: 12240860 | H3: 1C25TUV | I3: 00000508 | J3: 45773 | K3: -356085 | L3: -28487 | M3: -384572 | Z3: 10978045 | AA3: 878243 | AB3: 11856288 | AC3: Đã bổ sung theo chốt 19/10/2026; Giảm số lượng gốc, giữ đơn giá dương: 1C24TUV/00000003, STT 2033; Đảo khoản điều chỉnh cũ; chỉ đảo thành tiền, nguồn không có số lượng/đơn giá: 1C25TUV/00000508, STT 2034. | AD3: Giảm số lượng gốc, giữ đơn giá dương: 1C24TUV/00000003 — STT import 2033 | AF3: 46314 | AG3: -11334130 | AH3: -906730 | AI3: -12240860 | AJ3: Đảo khoản điều chỉnh cũ; chỉ đảo thành tiền, nguồn không có số lượng/đơn giá: 1C25TUV/00000508 — STT import 2034 | AL3: 46314 | AM3: 356085 | AN3: 28487 | AO3: 384572 | BB3: =SUM(Z3,AG3,AM3,AS3,AY3) -> 0 | BC3: =SUM(AA3,AH3,AN3,AT3,AZ3) -> 0 | BD3: =SUM(AB3,AI3,AO3,AU3,BA3) -> 0
A4: 1C24TUV | B4: {=INDEX('HD cty 2024'!B:B,MATCH('F0, F1, F2, ...'!$C4,'HD cty 2024'!B:B,0))} -> #N/A | C4: 4 | D4: 45301 | E4: 32002666 | F4: 2560213 | G4: 34562879 | H4: 1C25TUV | I4: 00000784 | J4: 45801 | K4: 2147334 | L4: 171787 | M4: 2319121 | Z4: 34150000 | AA4: 2732000 | AB4: 36882000 | AD4: Đảo khoản 1C25TUV/00000784; tham chiếu gốc 1C24TUV/00000004 | AG4: -2147334 | AH4: -171787 | AI4: -2319121 | AJ4: Giảm toàn bộ gốc: 1C24TUV/00000004 | AM4: -32002666 | AN4: -2560213 | AO4: -34562879 | BB4: =IF(AND(ISNUMBER(Z4),COUNT(AG4,AM4,AS4,AY4)=2),Z4+SUM(AG4,AM4,AS4,AY4),"") -> 0 | BC4: =IF(AND(ISNUMBER(AA4),COUNT(AH4,AN4,AT4,AZ4)=2),AA4+SUM(AH4,AN4,AT4,AZ4),"") -> 0 | BD4: =IF(AND(ISNUMBER(AB4),COUNT(AI4,AO4,AU4,BA4)=2),AB4+SUM(AI4,AO4,AU4,BA4),"") -> 0
A5: 1C24TUV | B5: {=INDEX('HD cty 2024'!B:B,MATCH('F0, F1, F2, ...'!$C5,'HD cty 2024'!B:B,0))} -> #N/A | C5: 5 | D5: 45301 | E5: 29093426 | F5: 2327474 | G5: 31420900 | H5: 1C25TUV | I5: 00000785 | J5: 45801 | K5: 1541759 | L5: 123341 | M5: 1665100 | Z5: 30635185 | AA5: 2450815 | AB5: 33086000 | AD5: Đảo khoản 1C25TUV/00000785; tham chiếu gốc 1C24TUV/00000005 | AG5: -1541759 | AH5: -123341 | AI5: -1665100 | AJ5: Giảm toàn bộ gốc: 1C24TUV/00000005 | AM5: -29093426 | AN5: -2327474 | AO5: -31420900 | BB5: =IF(AND(ISNUMBER(Z5),COUNT(AG5,AM5,AS5,AY5)=2),Z5+SUM(AG5,AM5,AS5,AY5),"") -> 0 | BC5: =IF(AND(ISNUMBER(AA5),COUNT(AH5,AN5,AT5,AZ5)=2),AA5+SUM(AH5,AN5,AT5,AZ5),"") -> 0 | BD5: =IF(AND(ISNUMBER(AB5),COUNT(AI5,AO5,AU5,BA5)=2),AB5+SUM(AI5,AO5,AU5,BA5),"") -> 0
A6: 1C24TUV | B6: {=INDEX('HD cty 2024'!B:B,MATCH('F0, F1, F2, ...'!$C6,'HD cty 2024'!B:B,0))} -> #N/A | C6: 6 | D6: 45307 | E6: 8257501 | F6: 660600 | G6: 8918101 | H6: 1C25TUV | I6: 00000786 | J6: 45801 | K6: 543425 | L6: 43474 | M6: 586899 | Z6: 8800926 | AA6: 704074 | AB6: 9505000 | AD6: Đảo khoản 1C25TUV/00000786; tham chiếu gốc 1C24TUV/00000006 | AG6: -543425 | AH6: -43474 | AI6: -586899 | AJ6: Giảm toàn bộ gốc: 1C24TUV/00000006 | AM6: -8257501 | AN6: -660600 | AO6: -8918101 | BB6: =IF(AND(ISNUMBER(Z6),COUNT(AG6,AM6,AS6,AY6)=2),Z6+SUM(AG6,AM6,AS6,AY6),"") -> 0 | BC6: =IF(AND(ISNUMBER(AA6),COUNT(AH6,AN6,AT6,AZ6)=2),AA6+SUM(AH6,AN6,AT6,AZ6),"") -> 0 | BD6: =IF(AND(ISNUMBER(AB6),COUNT(AI6,AO6,AU6,BA6)=2),AB6+SUM(AI6,AO6,AU6,BA6),"") -> 0
A7: 1C24TUV | B7: {=INDEX('HD cty 2024'!B:B,MATCH('F0, F1, F2, ...'!$C7,'HD cty 2024'!B:B,0))} -> #N/A | C7: 7 | D7: 45307 | E7: 23677893 | F7: 1894231 | G7: 25572124 | H7: 1C25TUV | I7: 00000812 | J7: 45802 | K7: -485300 | L7: -38824 | M7: -524124 | Z7: 23192593 | AA7: 1855407 | AB7: 25048000 | AD7: Đảo khoản 1C25TUV/00000812; tham chiếu gốc 1C24TUV/00000007 | AG7: 485300 | AH7: 38824 | AI7: 524124 | AJ7: Giảm toàn bộ gốc: 1C24TUV/00000007 | AM7: -23677893 | AN7: -1894231 | AO7: -25572124 | BB7: =IF(AND(ISNUMBER(Z7),COUNT(AG7,AM7,AS7,AY7)=2),Z7+SUM(AG7,AM7,AS7,AY7),"") -> 0 | BC7: =IF(AND(ISNUMBER(AA7),COUNT(AH7,AN7,AT7,AZ7)=2),AA7+SUM(AH7,AN7,AT7,AZ7),"") -> 0 | BD7: =IF(AND(ISNUMBER(AB7),COUNT(AI7,AO7,AU7,BA7)=2),AB7+SUM(AI7,AO7,AU7,BA7),"") -> 0
A8: 1C24TUV | B8: {=INDEX('HD cty 2024'!B:B,MATCH('F0, F1, F2, ...'!$C8,'HD cty 2024'!B:B,0))} -> #N/A | C8: 8 | D8: 45307 | E8: 27250819 | F8: 2180066 | G8: 29430885 | H8: 1C25TUV | I8: 00000813 | J8: 45802 | K8: -3474893 | L8: -277991 | M8: -3752884 | Z8: 23775926 | AA8: 1902075 | AB8: 25678001 | AD8: Đảo khoản 1C25TUV/00000813; tham chiếu gốc 1C24TUV/00000008 | AG8: 3474893 | AH8: 277991 | AI8: 3752884 | AJ8: Giảm toàn bộ gốc: 1C24TUV/00000008 | AM8: -27250819 | AN8: -2180066 | AO8: -29430885 | BB8: =IF(AND(ISNUMBER(Z8),COUNT(AG8,AM8,AS8,AY8)=2),Z8+SUM(AG8,AM8,AS8,AY8),"") -> 0 | BC8: =IF(AND(ISNUMBER(AA8),COUNT(AH8,AN8,AT8,AZ8)=2),AA8+SUM(AH8,AN8,AT8,AZ8),"") -> 0 | BD8: =IF(AND(ISNUMBER(AB8),COUNT(AI8,AO8,AU8,BA8)=2),AB8+SUM(AI8,AO8,AU8,BA8),"") -> 0
A9: 1C24TUV | B9: {=INDEX('HD cty 2024'!B:B,MATCH('F0, F1, F2, ...'!$C9,'HD cty 2024'!B:B,0))} -> #N/A | C9: 9 | D9: 45307 | E9: 19665616 | F9: 1573249 | G9: 21238865 | H9: 1C25TUV | I9: 00000814 | J9: 45802 | K9: -1422535 | L9: -113803 | M9: -1536338 | Z9: 18243081 | AA9: 1459446 | AB9: 19702527 | AD9: Đảo khoản 1C25TUV/00000814; tham chiếu gốc 1C24TUV/00000009 | AG9: 1422535 | AH9: 113803 | AI9: 1536338 | AJ9: Giảm toàn bộ gốc: 1C24TUV/00000009 | AM9: -19665616 | AN9: -1573249 | AO9: -21238865 | BB9: =IF(AND(ISNUMBER(Z9),COUNT(AG9,AM9,AS9,AY9)=2),Z9+SUM(AG9,AM9,AS9,AY9),"") -> 0 | BC9: =IF(AND(ISNUMBER(AA9),COUNT(AH9,AN9,AT9,AZ9)=2),AA9+SUM(AH9,AN9,AT9,AZ9),"") -> 0 | BD9: =IF(AND(ISNUMBER(AB9),COUNT(AI9,AO9,AU9,BA9)=2),AB9+SUM(AI9,AO9,AU9,BA9),"") -> 0
A10: 1C24TUV | B10: {=INDEX('HD cty 2024'!B:B,MATCH('F0, F1, F2, ...'!$C10,'HD cty 2024'!B:B,0))} -> #N/A | C10: 10 | D10: 45307 | E10: 42723469 | F10: 3417878 | G10: 46141347 | H10: 1C25TUV | I10: 00002606 | J10: 45808 | K10: 1960615 | L10: 156849 | M10: 2117464 | Z10: 44684084 | AA10: 3574727 | AB10: 48258811 | AD10: Đảo khoản 1C25TUV/00002606; tham chiếu gốc 1C24TUV/00000010 | AG10: -1960615 | AH10: -156849 | AI10: -2117464 | AJ10: Giảm toàn bộ gốc: 1C24TUV/00000010 | AM10: -42723469 | AN10: -3417878 | AO10: -46141347 | BB10: =IF(AND(ISNUMBER(Z10),COUNT(AG10,AM10,AS10,AY10)=2),Z10+SUM(AG10,AM10,AS10,AY10),"") -> 0 | BC10: =IF(AND(ISNUMBER(AA10),COUNT(AH10,AN10,AT10,AZ10)=2),AA10+SUM(AH10,AN10,AT10,AZ10),"") -> 0 | BD10: =IF(AND(ISNUMBER(AB10),COUNT(AI10,AO10,AU10,BA10)=2),AB10+SUM(AI10,AO10,AU10,BA10),"") -> 0
A11: 1C24TUV | B11: {=INDEX('HD cty 2024'!B:B,MATCH('F0, F1, F2, ...'!$C11,'HD cty 2024'!B:B,0))} -> #N/A | C11: 11 | D11: 45307 | E11: 6000325 | F11: 480026 | G11: 6480351 | H11: 1C25TUV | I11: 00000509 | J11: 45773 | K11: -355562 | L11: -28445 | M11: -384007 | Z11: 5644763 | AA11: 451581 | AB11: 6096344 | AD11: Đảo khoản 1C25TUV/00000509; tham chiếu gốc 1C24TUV/00000011 | AG11: 355562 | AH11: 28445 | AI11: 384007 | AJ11: Giảm toàn bộ gốc: 1C24TUV/00000011 | AM11: -6000325 | AN11: -480026 | AO11: -6480351 | BB11: =IF(AND(ISNUMBER(Z11),COUNT(AG11,AM11,AS11,AY11)=2),Z11+SUM(AG11,AM11,AS11,AY11),"") -> 0 | BC11: =IF(AND(ISNUMBER(AA11),COUNT(AH11,AN11,AT11,AZ11)=2),AA11+SUM(AH11,AN11,AT11,AZ11),"") -> 0 | BD11: =IF(AND(ISNUMBER(AB11),COUNT(AI11,AO11,AU11,BA11)=2),AB11+SUM(AI11,AO11,AU11,BA11),"") -> 0
A12: 1C24TUV | B12: {=INDEX('HD cty 2024'!B:B,MATCH('F0, F1, F2, ...'!$C12,'HD cty 2024'!B:B,0))} -> #N/A | C12: 12 | D12: 45307 | E12: 43046669 | F12: 3443734 | G12: 46490403 | H12: 1C25TUV | I12: 00000815 | J12: 45802 | K12: -1402538 | L12: -112203 | M12: -1514741 | Z12: 41644131 | AA12: 3331531 | AB12: 44975662 | AD12: Đảo khoản 1C25TUV/00000815; tham chiếu gốc 1C24TUV/00000012 | AG12: 1402538 | AH12: 112203 | AI12: 1514741 | AJ12: Giảm toàn bộ gốc: 1C24TUV/00000012 | AM12: -43046669 | AN12: -3443734 | AO12: -46490403 | BB12: =IF(AND(ISNUMBER(Z12),COUNT(AG12,AM12,AS12,AY12)=2),Z12+SUM(AG12,AM12,AS12,AY12),"") -> 0 | BC12: =IF(AND(ISNUMBER(AA12),COUNT(AH12,AN12,AT12,AZ12)=2),AA12+SUM(AH12,AN12,AT12,AZ12),"") -> 0 | BD12: =IF(AND(ISNUMBER(AB12),COUNT(AI12,AO12,AU12,BA12)=2),AB12+SUM(AI12,AO12,AU12,BA12),"") -> 0
A13: 1C24TUV | B13: {=INDEX('HD cty 2024'!B:B,MATCH('F0, F1, F2, ...'!$C13,'HD cty 2024'!B:B,0))} -> #N/A | C13: 13 | D13: 45307 | E13: 68151637 | F13: 5452131 | G13: 73603768 | H13: 1C25TUV | I13: 00000816 | J13: 45802 | K13: 2917057 | L13: 233365 | M13: 3150422 | Z13: 71068694 | AA13: 5685496 | AB13: 76754190 | AD13: Đảo khoản 1C25TUV/00000816; tham chiếu gốc 1C24TUV/00000013 | AG13: -2917057 | AH13: -233365 | AI13: -3150422 | AJ13: Giảm toàn bộ gốc: 1C24TUV/00000013 | AM13: -68151637 | AN13: -5452131 | AO13: -73603768 | BB13: =IF(AND(ISNUMBER(Z13),COUNT(AG13,AM13,AS13,AY13)=2),Z13+SUM(AG13,AM13,AS13,AY13),"") -> 0 | BC13: =IF(AND(ISNUMBER(AA13),COUNT(AH13,AN13,AT13,AZ13)=2),AA13+SUM(AH13,AN13,AT13,AZ13),"") -> 0 | BD13: =IF(AND(ISNUMBER(AB13),COUNT(AI13,AO13,AU13,BA13)=2),AB13+SUM(AI13,AO13,AU13,BA13),"") -> 0
A14: 1C24TUV | B14: {=INDEX('HD cty 2024'!B:B,MATCH('F0, F1, F2, ...'!$C14,'HD cty 2024'!B:B,0))} -> #N/A | C14: 14 | D14: 45307 | E14: 97195166 | F14: 7775613 | G14: 104970779 | H14: 1C25TUV | I14: 00000817 | J14: 45802 | K14: 3082612 | L14: 246609 | M14: 3329221 | Z14: 100277778 | AA14: 8022222 | AB14: 108300000 | AD14: Đảo khoản 1C25TUV/00000817; tham chiếu gốc 1C24TUV/00000014 | AG14: -3082612 | AH14: -246609 | AI14: -3329221 | AJ14: Giảm toàn bộ gốc: 1C24TUV/00000014 | AM14: -97195166 | AN14: -7775613 | AO14: -104970779 | BB14: =IF(AND(ISNUMBER(Z14),COUNT(AG14,AM14,AS14,AY14)=2),Z14+SUM(AG14,AM14,AS14,AY14),"") -> 0 | BC14: =IF(AND(ISNUMBER(AA14),COUNT(AH14,AN14,AT14,AZ14)=2),AA14+SUM(AH14,AN14,AT14,AZ14),"") -> 0 | BD14: =IF(AND(ISNUMBER(AB14),COUNT(AI14,AO14,AU14,BA14)=2),AB14+SUM(AI14,AO14,AU14,BA14),"") -> 0
A15: 1C24TUV | B15: {=INDEX('HD cty 2024'!B:B,MATCH('F0, F1, F2, ...'!$C15,'HD cty 2024'!B:B,0))} -> #N/A | C15: 15 | D15: 45307 | E15: 93625335 | F15: 7490027 | G15: 101115362 | H15: 1C25TUV | I15: 00000818 | J15: 45802 | K15: 2004295 | L15: 160344 | M15: 2164639 | Z15: 95629630 | AA15: 7650371 | AB15: 103280001 | AD15: Đảo khoản 1C25TUV/00000818; tham chiếu gốc 1C24TUV/00000015 | AG15: -2004295 | AH15: -160344 | AI15: -2164639 | AJ15: Giảm toàn bộ gốc: 1C24TUV/00000015 | AM15: -93625335 | AN15: -7490027 | AO15: -101115362 | BB15: =IF(AND(ISNUMBER(Z15),COUNT(AG15,AM15,AS15,AY15)=2),Z15+SUM(AG15,AM15,AS15,AY15),"") -> 0 | BC15: =IF(AND(ISNUMBER(AA15),COUNT(AH15,AN15,AT15,AZ15)=2),AA15+SUM(AH15,AN15,AT15,AZ15),"") -> 0 | BD15: =IF(AND(ISNUMBER(AB15),COUNT(AI15,AO15,AU15,BA15)=2),AB15+SUM(AI15,AO15,AU15,BA15),"") -> 0
... A22: 1C24TUV | B22: {=INDEX('HD cty 2024'!B:B,MATCH('F0, F1, F2, ...'!$C22,'HD cty 2024'!B:B,0))} -> #N/A | C22: 25 | D22: 45316 | E22: 35717417 | F22: 2857393 | G22: 38574810 | H22: 1C25TUV | I22: 00000788 | J22: 45801 | K22: 2656657 | L22: 212533 | M22: 2869190 | Z22: 38374074 | AA22: 3069926 | AB22: 41444000 | AD22: Đảo khoản 1C25TUV/00000788; tham chiếu gốc 1C24TUV/00000025 | AG22: -2656657 | AH22: -212533 | AI22: -2869190 | AJ22: Giảm toàn bộ gốc: 1C24TUV/00000025 | AM22: -35717417 | AN22: -2857393 | AO22: -38574810 | BB22: =IF(AND(ISNUMBER(Z22),COUNT(AG22,AM22,AS22,AY22)=2),Z22+SUM(AG22,AM22,AS22,AY22),"") -> 0 | BC22: =IF(AND(ISNUMBER(AA22),COUNT(AH22,AN22,AT22,AZ22)=2),AA22+SUM(AH22,AN22,AT22,AZ22),"") -> 0 | BD22: =IF(AND(ISNUMBER(AB22),COUNT(AI22,AO22,AU22,BA22)=2),AB22+SUM(AI22,AO22,AU22,BA22),"") -> 0
A23: 1C24TUV | B23: {=INDEX('HD cty 2024'!B:B,MATCH('F0, F1, F2, ...'!$C23,'HD cty 2024'!B:B,0))} -> #N/A | C23: 26 | D23: 45316 | E23: 18519308 | F23: 1481545 | G23: 20000853 | H23: 1C25TUV | I23: 00000512 | J23: 45773 | K23: -577062 | L23: -46166 | M23: -623228 | N23: 1C25TUV | O23: 00002316 | P23: 45807 | Q23: -509259 | R23: -40741 | S23: -550000 | Z23: 17432987 | AA23: 1394638 | AB23: 18827625 | AD23: Đảo khoản 1C25TUV/00000512; tham chiếu gốc 1C24TUV/00000026 | AG23: 577062 | AH23: 46166 | AI23: 623228 | AJ23: Đảo khoản 1C25TUV/00002316; tham chiếu gốc 1C24TUV/00000026 | AM23: 509259 | AN23: 40741 | AO23: 550000 | AP23: Giảm toàn bộ gốc: 1C24TUV/00000026 | AS23: -18519308 | AT23: -1481545 | AU23: -20000853 | BB23: =IF(AND(ISNUMBER(Z23),COUNT(AG23,AM23,AS23,AY23)=3),Z23+SUM(AG23,AM23,AS23,AY23),"") -> 0 | BC23: =IF(AND(ISNUMBER(AA23),COUNT(AH23,AN23,AT23,AZ23)=3),AA23+SUM(AH23,AN23,AT23,AZ23),"") -> 0 | BD23: =IF(AND(ISNUMBER(AB23),COUNT(AI23,AO23,AU23,BA23)=3),AB23+SUM(AI23,AO23,AU23,BA23),"") -> 0
A24: 1C24TUV | B24: {=INDEX('HD cty 2024'!B:B,MATCH('F0, F1, F2, ...'!$C24,'HD cty 2024'!B:B,0))} -> #N/A | C24: 27 | D24: 45316 | E24: 25776463 | F24: 2062117 | G24: 27838580 | H24: 1C25TUV | I24: 00000789 | J24: 45801 | K24: 1217056 | L24: 97364 | M24: 1314420 | Z24: 26993519 | AA24: 2159481 | AB24: 29153000 | AD24: Đảo khoản 1C25TUV/00000789; tham chiếu gốc 1C24TUV/00000027 | AG24: -1217056 | AH24: -97364 | AI24: -1314420 | AJ24: Giảm toàn bộ gốc: 1C24TUV/00000027 | AM24: -25776463 | AN24: -2062117 | AO24: -27838580 | BB24: =IF(AND(ISNUMBER(Z24),COUNT(AG24,AM24,AS24,AY24)=2),Z24+SUM(AG24,AM24,AS24,AY24),"") -> 0 | BC24: =IF(AND(ISNUMBER(AA24),COUNT(AH24,AN24,AT24,AZ24)=2),AA24+SUM(AH24,AN24,AT24,AZ24),"") -> 0 | BD24: =IF(AND(ISNUMBER(AB24),COUNT(AI24,AO24,AU24,BA24)=2),AB24+SUM(AI24,AO24,AU24,BA24),"") -> 0
A25: 1C24TUV | B25: {=INDEX('HD cty 2024'!B:B,MATCH('F0, F1, F2, ...'!$C25,'HD cty 2024'!B:B,0))} -> #N/A | C25: 29 | D25: 45322 | E25: 17610388 | F25: 1408831 | G25: 19019219 | H25: 1C25TUV | I25: 00000517 | J25: 45773 | K25: -306867 | L25: -24551 | M25: -331418 | Z25: 17303521 | AA25: 1384280 | AB25: 18687801 | AD25: Đảo khoản 1C25TUV/00000517; tham chiếu gốc 1C24TUV/00000029 | AG25: 306867 | AH25: 24551 | AI25: 331418 | AJ25: Giảm toàn bộ gốc: 1C24TUV/00000029 | AM25: -17610388 | AN25: -1408831 | AO25: -19019219 | BB25: =IF(AND(ISNUMBER(Z25),COUNT(AG25,AM25,AS25,AY25)=2),Z25+SUM(AG25,AM25,AS25,AY25),"") -> 0 | BC25: =IF(AND(ISNUMBER(AA25),COUNT(AH25,AN25,AT25,AZ25)=2),AA25+SUM(AH25,AN25,AT25,AZ25),"") -> 0 | BD25: =IF(AND(ISNUMBER(AB25),COUNT(AI25,AO25,AU25,BA25)=2),AB25+SUM(AI25,AO25,AU25,BA25),"") -> 0
A26: 1C24TUV | B26: {=INDEX('HD cty 2024'!B:B,MATCH('F0, F1, F2, ...'!$C26,'HD cty 2024'!B:B,0))} -> #N/A | C26: 30 | D26: 45322 | E26: 32152932 | F26: 2572235 | G26: 34725167 | H26: 1C25TUV | I26: 00000791 | J26: 45801 | K26: 2961883 | L26: 236951 | M26: 3198834 | Z26: 35114815 | AA26: 2809186 | AB26: 37924001 | AD26: Đảo khoản 1C25TUV/00000791; tham chiếu gốc 1C24TUV/00000030 | AG26: -2961883 | AH26: -236951 | AI26: -3198834 | AJ26: Giảm toàn bộ gốc: 1C24TUV/00000030 | AM26: -32152932 | AN26: -2572235 | AO26: -34725167 | BB26: =IF(AND(ISNUMBER(Z26),COUNT(AG26,AM26,AS26,AY26)=2),Z26+SUM(AG26,AM26,AS26,AY26),"") -> 0 | BC26: =IF(AND(ISNUMBER(AA26),COUNT(AH26,AN26,AT26,AZ26)=2),AA26+SUM(AH26,AN26,AT26,AZ26),"") -> 0 | BD26: =IF(AND(ISNUMBER(AB26),COUNT(AI26,AO26,AU26,BA26)=2),AB26+SUM(AI26,AO26,AU26,BA26),"") -> 0
A27: 1C24TUV | B27: {=INDEX('HD cty 2024'!B:B,MATCH('F0, F1, F2, ...'!$C27,'HD cty 2024'!B:B,0))} -> #N/A | C27: 31 | D27: 45325 | E27: 26518307 | F27: 2121465 | G27: 28639772 | H27: 1C25TUV | I27: 00002607 | J27: 45808 | K27: 2774286 | L27: 221943 | M27: 2996229 | Z27: 29292593 | AA27: 2343408 | AB27: 31636001 | AD27: Đảo khoản 1C25TUV/00002607; tham chiếu gốc 1C24TUV/00000031 | AG27: -2774286 | AH27: -221943 | AI27: -2996229 | AJ27: Giảm toàn bộ gốc: 1C24TUV/00000031 | AM27: -26518307 | AN27: -2121465 | AO27: -28639772 | BB27: =IF(AND(ISNUMBER(Z27),COUNT(AG27,AM27,AS27,AY27)=2),Z27+SUM(AG27,AM27,AS27,AY27),"") -> 0 | BC27: =IF(AND(ISNUMBER(AA27),COUNT(AH27,AN27,AT27,AZ27)=2),AA27+SUM(AH27,AN27,AT27,AZ27),"") -> 0 | BD27: =IF(AND(ISNUMBER(AB27),COUNT(AI27,AO27,AU27,BA27)=2),AB27+SUM(AI27,AO27,AU27,BA27),"") -> 0
A28: 1C24TUV | B28: {=INDEX('HD cty 2024'!B:B,MATCH('F0, F1, F2, ...'!$C28,'HD cty 2024'!B:B,0))} -> #N/A | C28: 32 | D28: 45325 | E28: 47807398 | F28: 3824592 | G28: 51631990 | H28: 1C25TUV | I28: 00000794 | J28: 45801 | K28: 3019454 | L28: 241556 | M28: 3261010 | Z28: 50826852 | AA28: 4066148 | AB28: 54893000 | AD28: Đảo khoản 1C25TUV/00000794; tham chiếu gốc 1C24TUV/00000032 | AG28: -3019454 | AH28: -241556 | AI28: -3261010 | AJ28: Giảm toàn bộ gốc: 1C24TUV/00000032 | AM28: -47807398 | AN28: -3824592 | AO28: -51631990 | BB28: =IF(AND(ISNUMBER(Z28),COUNT(AG28,AM28,AS28,AY28)=2),Z28+SUM(AG28,AM28,AS28,AY28),"") -> 0 | BC28: =IF(AND(ISNUMBER(AA28),COUNT(AH28,AN28,AT28,AZ28)=2),AA28+SUM(AH28,AN28,AT28,AZ28),"") -> 0 | BD28: =IF(AND(ISNUMBER(AB28),COUNT(AI28,AO28,AU28,BA28)=2),AB28+SUM(AI28,AO28,AU28,BA28),"") -> 0
A29: 1C24TUV | B29: {=INDEX('HD cty 2024'!B:B,MATCH('F0, F1, F2, ...'!$C29,'HD cty 2024'!B:B,0))} -> #N/A | C29: 33 | D29: 45325 | E29: 42989657 | F29: 3439173 | G29: 46428830 | H29: 1C25TUV | I29: 00002559 | J29: 45808 | K29: 2032250 | L29: 162580 | M29: 2194830 | Z29: 45021907 | AA29: 3601753 | AB29: 48623660 | AD29: Đảo khoản 1C25TUV/00002559; tham chiếu gốc 1C24TUV/00000033 | AG29: -2032250 | AH29: -162580 | AI29: -2194830 | AJ29: Giảm toàn bộ gốc: 1C24TUV/00000033 | AM29: -42989657 | AN29: -3439173 | AO29: -46428830 | BB29: =IF(AND(ISNUMBER(Z29),COUNT(AG29,AM29,AS29,AY29)=2),Z29+SUM(AG29,AM29,AS29,AY29),"") -> 0 | BC29: =IF(AND(ISNUMBER(AA29),COUNT(AH29,AN29,AT29,AZ29)=2),AA29+SUM(AH29,AN29,AT29,AZ29),"") -> 0 | BD29: =IF(AND(ISNUMBER(AB29),COUNT(AI29,AO29,AU29,BA29)=2),AB29+SUM(AI29,AO29,AU29,BA29),"") -> 0
A30: 1C24TUV | B30: {=INDEX('HD cty 2024'!B:B,MATCH('F0, F1, F2, ...'!$C30,'HD cty 2024'!B:B,0))} -> #N/A | C30: 34 | D30: 45325 | E30: 40842829 | F30: 3267426 | G30: 44110255 | H30: 1C25TUV | I30: 00002608 | J30: 45808 | K30: 7617356 | L30: 609388 | M30: 8226744 | N30: 1C25TUV | O30: 00002643 | P30: 45808 | Q30: -3757407 | R30: -300593 | S30: -4058000 | Z30: 44702778 | AA30: 3576221 | AB30: 48278999 | AD30: Đảo khoản 1C25TUV/00002608; tham chiếu gốc 1C24TUV/00000034 | AG30: -7617356 | AH30: -609388 | AI30: -8226744 | AJ30: Đảo khoản 1C25TUV/00002643; tham chiếu gốc 1C24TUV/00000034 | AM30: 3757407 | AN30: 300593 | AO30: 4058000 | AP30: Giảm toàn bộ gốc: 1C24TUV/00000034 | AS30: -40842829 | AT30: -3267426 | AU30: -44110255 | BB30: =IF(AND(ISNUMBER(Z30),COUNT(AG30,AM30,AS30,AY30)=3),Z30+SUM(AG30,AM30,AS30,AY30),"") -> 0 | BC30: =IF(AND(ISNUMBER(AA30),COUNT(AH30,AN30,AT30,AZ30)=3),AA30+SUM(AH30,AN30,AT30,AZ30),"") -> 0 | BD30: =IF(AND(ISNUMBER(AB30),COUNT(AI30,AO30,AU30,BA30)=3),AB30+SUM(AI30,AO30,AU30,BA30),"") -> 0
A31: 1C24TUV | B31: {=INDEX('HD cty 2024'!B:B,MATCH('F0, F1, F2, ...'!$C31,'HD cty 2024'!B:B,0))} -> #N/A | C31: 35 | D31: 45325 | E31: 40743073 | F31: 3259446 | G31: 44002519 | H31: 1C25TUV | I31: 00000795 | J31: 45801 | K31: 4468038 | L31: 357443 | M31: 4825481 | Z31: 45211111 | AA31: 3616889 | AB31: 48828000 | AD31: Đảo khoản 1C25TUV/00000795; tham chiếu gốc 1C24TUV/00000035 | AG31: -4468038 | AH31: -357443 | AI31: -4825481 | AJ31: Giảm toàn bộ gốc: 1C24TUV/00000035 | AM31: -40743073 | AN31: -3259446 | AO31: -44002519 | BB31: =IF(AND(ISNUMBER(Z31),COUNT(AG31,AM31,AS31,AY31)=2),Z31+SUM(AG31,AM31,AS31,AY31),"") -> 0 | BC31: =IF(AND(ISNUMBER(AA31),COUNT(AH31,AN31,AT31,AZ31)=2),AA31+SUM(AH31,AN31,AT31,AZ31),"") -> 0 | BD31: =IF(AND(ISNUMBER(AB31),COUNT(AI31,AO31,AU31,BA31)=2),AB31+SUM(AI31,AO31,AU31,BA31),"") -> 0
A32: 1C24TUV | B32: {=INDEX('HD cty 2024'!B:B,MATCH('F0, F1, F2, ...'!$C32,'HD cty 2024'!B:B,0))} -> #N/A | C32: 36 | D32: 45325 | E32: 42218239 | F32: 3377459 | G32: 45595698 | H32: 1C25TUV | I32: 00001038 | J32: 45803 | K32: 3638377 | L32: 291070 | M32: 3929447 | Z32: 45856616 | AA32: 3668529 | AB32: 49525145 | AD32: Đảo khoản 1C25TUV/00001038; tham chiếu gốc 1C24TUV/00000036 | AG32: -3638377 | AH32: -291070 | AI32: -3929447 | AJ32: Giảm toàn bộ gốc: 1C24TUV/00000036 | AM32: -42218239 | AN32: -3377459 | AO32: -45595698 | BB32: =IF(AND(ISNUMBER(Z32),COUNT(AG32,AM32,AS32,AY32)=2),Z32+SUM(AG32,AM32,AS32,AY32),"") -> 0 | BC32: =IF(AND(ISNUMBER(AA32),COUNT(AH32,AN32,AT32,AZ32)=2),AA32+SUM(AH32,AN32,AT32,AZ32),"") -> 0 | BD32: =IF(AND(ISNUMBER(AB32),COUNT(AI32,AO32,AU32,BA32)=2),AB32+SUM(AI32,AO32,AU32,BA32),"") -> 0
A33: 1C24TUV | B33: {=INDEX('HD cty 2024'!B:B,MATCH('F0, F1, F2, ...'!$C33,'HD cty 2024'!B:B,0))} -> #N/A | C33: 37 | D33: 45325 | E33: 46638353 | F33: 3731068 | G33: 50369421 | H33: 1C25TUV | I33: 00000796 | J33: 45801 | K33: 2904240 | L33: 232339 | M33: 3136579 | Z33: 49542593 | AA33: 3963407 | AB33: 53506000 | AD33: Đảo khoản 1C25TUV/00000796; tham chiếu gốc 1C24TUV/00000037 | AG33: -2904240 | AH33: -232339 | AI33: -3136579 | AJ33: Giảm toàn bộ gốc: 1C24TUV/00000037 | AM33: -46638353 | AN33: -3731068 | AO33: -50369421 | BB33: =IF(AND(ISNUMBER(Z33),COUNT(AG33,AM33,AS33,AY33)=2),Z33+SUM(AG33,AM33,AS33,AY33),"") -> 0 | BC33: =IF(AND(ISNUMBER(AA33),COUNT(AH33,AN33,AT33,AZ33)=2),AA33+SUM(AH33,AN33,AT33,AZ33),"") -> 0 | BD33: =IF(AND(ISNUMBER(AB33),COUNT(AI33,AO33,AU33,BA33)=2),AB33+SUM(AI33,AO33,AU33,BA33),"") -> 0
A34: 1C24TUV | B34: {=INDEX('HD cty 2024'!B:B,MATCH('F0, F1, F2, ...'!$C34,'HD cty 2024'!B:B,0))} -> #N/A | C34: 38 | D34: 45326 | E34: 31063215 | F34: 2485057 | G34: 33548272 | H34: 1C25TUV | I34: 00000797 | J34: 45801 | K34: 1578452 | L34: 126276 | M34: 1704728 | Z34: 32641667 | AA34: 2611333 | AB34: 35253000 | AD34: Đảo khoản 1C25TUV/00000797; tham chiếu gốc 1C24TUV/00000038 | AG34: -1578452 | AH34: -126276 | AI34: -1704728 | AJ34: Giảm toàn bộ gốc: 1C24TUV/00000038 | AM34: -31063215 | AN34: -2485057 | AO34: -33548272 | BB34: =IF(AND(ISNUMBER(Z34),COUNT(AG34,AM34,AS34,AY34)=2),Z34+SUM(AG34,AM34,AS34,AY34),"") -> 0 | BC34: =IF(AND(ISNUMBER(AA34),COUNT(AH34,AN34,AT34,AZ34)=2),AA34+SUM(AH34,AN34,AT34,AZ34),"") -> 0 | BD34: =IF(AND(ISNUMBER(AB34),COUNT(AI34,AO34,AU34,BA34)=2),AB34+SUM(AI34,AO34,AU34,BA34),"") -> 0
A35: 1C24TUV | B35: {=INDEX('HD cty 2024'!B:B,MATCH('F0, F1, F2, ...'!$C35,'HD cty 2024'!B:B,0))} -> #N/A | C35: 39 | D35: 45326 | E35: 68490865 | F35: 5479269 | G35: 73970134 | H35: 1C25TUV | I35: 00001039 | J35: 45803 | K35: 5217126 | L35: 417370 | M35: 5634496 | Z35: 73707991 | AA35: 5896639 | AB35: 79604630 | AD35: Đảo khoản 1C25TUV/00001039; tham chiếu gốc 1C24TUV/00000039 | AG35: -5217126 | AH35: -417370 | AI35: -5634496 | AJ35: Giảm toàn bộ gốc: 1C24TUV/00000039 | AM35: -68490865 | AN35: -5479269 | AO35: -73970134 | BB35: =IF(AND(ISNUMBER(Z35),COUNT(AG35,AM35,AS35,AY35)=2),Z35+SUM(AG35,AM35,AS35,AY35),"") -> 0 | BC35: =IF(AND(ISNUMBER(AA35),COUNT(AH35,AN35,AT35,AZ35)=2),AA35+SUM(AH35,AN35,AT35,AZ35),"") -> 0 | BD35: =IF(AND(ISNUMBER(AB35),COUNT(AI35,AO35,AU35,BA35)=2),AB35+SUM(AI35,AO35,AU35,BA35),"") -> 0
A36: 1C24TUV | B36: {=INDEX('HD cty 2024'!B:B,MATCH('F0, F1, F2, ...'!$C36,'HD cty 2024'!B:B,0))} -> #N/A | C36: 40 | D36: 45327 | E36: 27631166 | F36: 2210493 | G36: 29841659 | H36: 1C25TUV | I36: 00000798 | J36: 45801 | K36: 606797 | L36: 48544 | M36: 655341 | Z36: 28237963 | AA36: 2259037 | AB36: 30497000 | AD36: Đảo khoản 1C25TUV/00000798; tham chiếu gốc 1C24TUV/00000040 | AG36: -606797 | AH36: -48544 | AI36: -655341 | AJ36: Giảm toàn bộ gốc: 1C24TUV/00000040 | AM36: -27631166 | AN36: -2210493 | AO36: -29841659 | BB36: =IF(AND(ISNUMBER(Z36),COUNT(AG36,AM36,AS36,AY36)=2),Z36+SUM(AG36,AM36,AS36,AY36),"") -> 0 | BC36: =IF(AND(ISNUMBER(AA36),COUNT(AH36,AN36,AT36,AZ36)=2),AA36+SUM(AH36,AN36,AT36,AZ36),"") -> 0 | BD36: =IF(AND(ISNUMBER(AB36),COUNT(AI36,AO36,AU36,BA36)=2),AB36+SUM(AI36,AO36,AU36,BA36),"") -> 0
A37: 1C24TUV | B37: {=INDEX('HD cty 2024'!B:B,MATCH('F0, F1, F2, ...'!$C37,'HD cty 2024'!B:B,0))} -> #N/A | C37: 41 | D37: 45327 | E37: 98810581 | F37: 7904846 | G37: 106715427 | H37: 1C25TUV | I37: 00001040 | J37: 45803 | K37: 10155477 | L37: 812438 | M37: 10967915 | Z37: 108966058 | AA37: 8717284 | AB37: 117683342 | AD37: Đảo khoản 1C25TUV/00001040; tham chiếu gốc 1C24TUV/00000041 | AG37: -10155477 | AH37: -812438 | AI37: -10967915 | AJ37: Giảm toàn bộ gốc: 1C24TUV/00000041 | AM37: -98810581 | AN37: -7904846 | AO37: -106715427 | BB37: =IF(AND(ISNUMBER(Z37),COUNT(AG37,AM37,AS37,AY37)=2),Z37+SUM(AG37,AM37,AS37,AY37),"") -> 0 | BC37: =IF(AND(ISNUMBER(AA37),COUNT(AH37,AN37,AT37,AZ37)=2),AA37+SUM(AH37,AN37,AT37,AZ37),"") -> 0 | BD37: =IF(AND(ISNUMBER(AB37),COUNT(AI37,AO37,AU37,BA37)=2),AB37+SUM(AI37,AO37,AU37,BA37),"") -> 0
A38: 1C24TUV | B38: {=INDEX('HD cty 2024'!B:B,MATCH('F0, F1, F2, ...'!$C38,'HD cty 2024'!B:B,0))} -> #N/A | C38: 42 | D38: 45327 | E38: 114508332 | F38: 9160667 | G38: 123668999 | H38: 1C25TUV | I38: 00001041 | J38: 45803 | K38: 10435187 | L38: 834815 | M38: 11270002 | Z38: 124943519 | AA38: 9995482 | AB38: 134939001 | AD38: Đảo khoản 1C25TUV/00001041; tham chiếu gốc 1C24TUV/00000042 | AG38: -10435187 | AH38: -834815 | AI38: -11270002 | AJ38: Giảm toàn bộ gốc: 1C24TUV/00000042 | AM38: -114508332 | AN38: -9160667 | AO38: -123668999 | BB38: =IF(AND(ISNUMBER(Z38),COUNT(AG38,AM38,AS38,AY38)=2),Z38+SUM(AG38,AM38,AS38,AY38),"") -> 0 | BC38: =IF(AND(ISNUMBER(AA38),COUNT(AH38,AN38,AT38,AZ38)=2),AA38+SUM(AH38,AN38,AT38,AZ38),"") -> 0 | BD38: =IF(AND(ISNUMBER(AB38),COUNT(AI38,AO38,AU38,BA38)=2),AB38+SUM(AI38,AO38,AU38,BA38),"") -> 0
A39: 1C24TUV | B39: {=INDEX('HD cty 2024'!B:B,MATCH('F0, F1, F2, ...'!$C39,'HD cty 2024'!B:B,0))} -> #N/A | C39: 43 | D39: 45327 | E39: 37291101 | F39: 2983288 | G39: 40274389 | H39: 1C25TUV | I39: 00000799 | J39: 45801 | K39: 1406121 | L39: 112490 | M39: 1518611 | Z39: 38697222 | AA39: 3095778 | AB39: 41793000 | AD39: Đảo khoản 1C25TUV/00000799; tham chiếu gốc 1C24TUV/00000043 | AG39: -1406121 | AH39: -112490 | AI39: -1518611 | AJ39: Giảm toàn bộ gốc: 1C24TUV/00000043 | AM39: -37291101 | AN39: -2983288 | AO39: -40274389 | BB39: =IF(AND(ISNUMBER(Z39),COUNT(AG39,AM39,AS39,AY39)=2),Z39+SUM(AG39,AM39,AS39,AY39),"") -> 0 | BC39: =IF(AND(ISNUMBER(AA39),COUNT(AH39,AN39,AT39,AZ39)=2),AA39+SUM(AH39,AN39,AT39,AZ39),"") -> 0 | BD39: =IF(AND(ISNUMBER(AB39),COUNT(AI39,AO39,AU39,BA39)=2),AB39+SUM(AI39,AO39,AU39,BA39),"") -> 0
A40: 1C24TUV | B40: {=INDEX('HD cty 2024'!B:B,MATCH('F0, F1, F2, ...'!$C40,'HD cty 2024'!B:B,0))} -> #N/A | C40: 44 | D40: 45327 | E40: 96242189 | F40: 7699375 | G40: 103941564 | H40: 1C25TUV | I40: 00001042 | J40: 45803 | K40: 9141607 | L40: 731329 | M40: 9872936 | Z40: 105383796 | AA40: 8430704 | AB40: 113814500 | AD40: Đảo khoản 1C25TUV/00001042; tham chiếu gốc 1C24TUV/00000044 | AG40: -9141607 | AH40: -731329 | AI40: -9872936 | AJ40: Giảm toàn bộ gốc: 1C24TUV/00000044 | AM40: -96242189 | AN40: -7699375 | AO40: -103941564 | BB40: =IF(AND(ISNUMBER(Z40),COUNT(AG40,AM40,AS40,AY40)=2),Z40+SUM(AG40,AM40,AS40,AY40),"") -> 0 | BC40: =IF(AND(ISNUMBER(AA40),COUNT(AH40,AN40,AT40,AZ40)=2),AA40+SUM(AH40,AN40,AT40,AZ40),"") -> 0 | BD40: =IF(AND(ISNUMBER(AB40),COUNT(AI40,AO40,AU40,BA40)=2),AB40+SUM(AI40,AO40,AU40,BA40),"") -> 0
A41: 1C24TUV | B41: {=INDEX('HD cty 2024'!B:B,MATCH('F0, F1, F2, ...'!$C41,'HD cty 2024'!B:B,0))} -> #N/A | C41: 45 | D41: 45327 | E41: 30080828 | F41: 2406466 | G41: 32487294 | H41: 1C25TUV | I41: 00001043 | J41: 45803 | K41: 3158072 | L41: 252646 | M41: 3410718 | Z41: 33238900 | AA41: 2659112 | AB41: 35898012 | AD41: Đảo khoản 1C25TUV/00001043; tham chiếu gốc 1C24TUV/00000045 | AG41: -3158072 | AH41: -252646 | AI41: -3410718 | AJ41: Giảm toàn bộ gốc: 1C24TUV/00000045 | AM41: -30080828 | AN41: -2406466 | AO41: -32487294 | BB41: =IF(AND(ISNUMBER(Z41),COUNT(AG41,AM41,AS41,AY41)=2),Z41+SUM(AG41,AM41,AS41,AY41),"") -> 0 | BC41: =IF(AND(ISNUMBER(AA41),COUNT(AH41,AN41,AT41,AZ41)=2),AA41+SUM(AH41,AN41,AT41,AZ41),"") -> 0 | BD41: =IF(AND(ISNUMBER(AB41),COUNT(AI41,AO41,AU41,BA41)=2),AB41+SUM(AI41,AO41,AU41,BA41),"") -> 0
A42: 1C24TUV | B42: {=INDEX('HD cty 2024'!B:B,MATCH('F0, F1, F2, ...'!$C42,'HD cty 2024'!B:B,0))} -> #N/A | C42: 46 | D42: 45327 | E42: 34366587 | F42: 2749327 | G42: 37115914 | H42: 1C25TUV | I42: 00001044 | J42: 45803 | K42: 2255635 | L42: 180451 | M42: 2436086 | Z42: 36622222 | AA42: 2929778 | AB42: 39552000 | AD42: Đảo khoản 1C25TUV/00001044; tham chiếu gốc 1C24TUV/00000046 | AG42: -2255635 | AH42: -180451 | AI42: -2436086 | AJ42: Giảm toàn bộ gốc: 1C24TUV/00000046 | AM42: -34366587 | AN42: -2749327 | AO42: -37115914 | BB42: =IF(AND(ISNUMBER(Z42),COUNT(AG42,AM42,AS42,AY42)=2),Z42+SUM(AG42,AM42,AS42,AY42),"") -> 0 | BC42: =IF(AND(ISNUMBER(AA42),COUNT(AH42,AN42,AT42,AZ42)=2),AA42+SUM(AH42,AN42,AT42,AZ42),"") -> 0 | BD42: =IF(AND(ISNUMBER(AB42),COUNT(AI42,AO42,AU42,BA42)=2),AB42+SUM(AI42,AO42,AU42,BA42),"") -> 0
... A67: 1C24TUV | B67: {=INDEX('HD cty 2024'!B:B,MATCH('F0, F1, F2, ...'!$C67,'HD cty 2024'!B:B,0))} -> #N/A | C67: 76 | D67: 45352 | E67: 41367500 | F67: 3309400 | G67: 44676900 | H67: 1C25TUV | I67: 00001161 | J67: 45803 | K67: 1175093 | L67: 94007 | M67: 1269100 | Z67: 42542593 | AA67: 3403407 | AB67: 45946000 | AD67: Đảo khoản 1C25TUV/00001161; tham chiếu gốc 1C24TUV/00000076 | AG67: -1175093 | AH67: -94007 | AI67: -1269100 | AJ67: Giảm toàn bộ gốc: 1C24TUV/00000076 | AM67: -41367500 | AN67: -3309400 | AO67: -44676900 | BB67: =IF(AND(ISNUMBER(Z67),COUNT(AG67,AM67,AS67,AY67)=2),Z67+SUM(AG67,AM67,AS67,AY67),"") -> 0 | BC67: =IF(AND(ISNUMBER(AA67),COUNT(AH67,AN67,AT67,AZ67)=2),AA67+SUM(AH67,AN67,AT67,AZ67),"") -> 0 | BD67: =IF(AND(ISNUMBER(AB67),COUNT(AI67,AO67,AU67,BA67)=2),AB67+SUM(AI67,AO67,AU67,BA67),"") -> 0
A68: 1C24TUV | B68: {=INDEX('HD cty 2024'!B:B,MATCH('F0, F1, F2, ...'!$C68,'HD cty 2024'!B:B,0))} -> #N/A | C68: 77 | D68: 45352 | E68: 50252655 | F68: 4020212 | G68: 54272867 | H68: 1C24TUV | I68: 00000186 | J68: 45408 | K68: -22287360 | L68: -1782989 | M68: -24070349 | N68: 1C25TUV | O68: 00002599 | P68: 45808 | Q68: 2758779 | R68: 220702 | S68: 2979481 | Z68: 30724074 | AA68: 2457925 | AB68: 33181999 | AD68: Đảo khoản 1C24TUV/00000186; tham chiếu gốc 1C24TUV/00000077 | AG68: 22287360 | AH68: 1782989 | AI68: 24070349 | AJ68: Đảo khoản 1C25TUV/00002599; tham chiếu gốc 1C24TUV/00000077 | AM68: -2758779 | AN68: -220702 | AO68: -2979481 | AP68: Giảm toàn bộ gốc: 1C24TUV/00000077 | AS68: -50252655 | AT68: -4020212 | AU68: -54272867 | BB68: =IF(AND(ISNUMBER(Z68),COUNT(AG68,AM68,AS68,AY68)=3),Z68+SUM(AG68,AM68,AS68,AY68),"") -> 0 | BC68: =IF(AND(ISNUMBER(AA68),COUNT(AH68,AN68,AT68,AZ68)=3),AA68+SUM(AH68,AN68,AT68,AZ68),"") -> 0 | BD68: =IF(AND(ISNUMBER(AB68),COUNT(AI68,AO68,AU68,BA68)=3),AB68+SUM(AI68,AO68,AU68,BA68),"") -> 0
A69: 1C24TUV | B69: {=INDEX('HD cty 2024'!B:B,MATCH('F0, F1, F2, ...'!$C69,'HD cty 2024'!B:B,0))} -> #N/A | C69: 79 | D69: 45352 | E69: 21006407 | F69: 1680513 | G69: 22686920 | H69: 1C25TUV | I69: 00001055 | J69: 45803 | K69: 1438963 | L69: 115117 | M69: 1554080 | Z69: 22445370 | AA69: 1795630 | AB69: 24241000 | AD69: Đảo khoản 1C25TUV/00001055; tham chiếu gốc 1C24TUV/00000079 | AG69: -1438963 | AH69: -115117 | AI69: -1554080 | AJ69: Giảm toàn bộ gốc: 1C24TUV/00000079 | AM69: -21006407 | AN69: -1680513 | AO69: -22686920 | BB69: =IF(AND(ISNUMBER(Z69),COUNT(AG69,AM69,AS69,AY69)=2),Z69+SUM(AG69,AM69,AS69,AY69),"") -> 0 | BC69: =IF(AND(ISNUMBER(AA69),COUNT(AH69,AN69,AT69,AZ69)=2),AA69+SUM(AH69,AN69,AT69,AZ69),"") -> 0 | BD69: =IF(AND(ISNUMBER(AB69),COUNT(AI69,AO69,AU69,BA69)=2),AB69+SUM(AI69,AO69,AU69,BA69),"") -> 0
A70: 1C24TUV | B70: {=INDEX('HD cty 2024'!B:B,MATCH('F0, F1, F2, ...'!$C70,'HD cty 2024'!B:B,0))} -> #N/A | C70: 81 | D70: 45352 | E70: 2196955 | F70: 175756 | G70: 2372711 | H70: 1C25TUV | I70: 00002318 | J70: 45807 | K70: -48822 | L70: -3906 | M70: -52728 | Z70: 2148133 | AA70: 171850 | AB70: 2319983 | AD70: Đảo khoản 1C25TUV/00002318; tham chiếu gốc 1C24TUV/00000081 | AG70: 48822 | AH70: 3906 | AI70: 52728 | AJ70: Giảm toàn bộ gốc: 1C24TUV/00000081 | AM70: -2196955 | AN70: -175756 | AO70: -2372711 | BB70: =IF(AND(ISNUMBER(Z70),COUNT(AG70,AM70,AS70,AY70)=2),Z70+SUM(AG70,AM70,AS70,AY70),"") -> 0 | BC70: =IF(AND(ISNUMBER(AA70),COUNT(AH70,AN70,AT70,AZ70)=2),AA70+SUM(AH70,AN70,AT70,AZ70),"") -> 0 | BD70: =IF(AND(ISNUMBER(AB70),COUNT(AI70,AO70,AU70,BA70)=2),AB70+SUM(AI70,AO70,AU70,BA70),"") -> 0
A71: 1C24TUV | B71: {=INDEX('HD cty 2024'!B:B,MATCH('F0, F1, F2, ...'!$C71,'HD cty 2024'!B:B,0))} -> #N/A | C71: 82 | D71: 45352 | E71: 26975577 | F71: 2158046 | G71: 29133623 | H71: 1C25TUV | I71: 00001162 | J71: 45803 | K71: 2763312 | L71: 221065 | M71: 2984377 | Z71: 29738889 | AA71: 2379111 | AB71: 32118000 | AD71: Đảo khoản 1C25TUV/00001162; tham chiếu gốc 1C24TUV/00000082 | AG71: -2763312 | AH71: -221065 | AI71: -2984377 | AJ71: Giảm toàn bộ gốc: 1C24TUV/00000082 | AM71: -26975577 | AN71: -2158046 | AO71: -29133623 | BB71: =IF(AND(ISNUMBER(Z71),COUNT(AG71,AM71,AS71,AY71)=2),Z71+SUM(AG71,AM71,AS71,AY71),"") -> 0 | BC71: =IF(AND(ISNUMBER(AA71),COUNT(AH71,AN71,AT71,AZ71)=2),AA71+SUM(AH71,AN71,AT71,AZ71),"") -> 0 | BD71: =IF(AND(ISNUMBER(AB71),COUNT(AI71,AO71,AU71,BA71)=2),AB71+SUM(AI71,AO71,AU71,BA71),"") -> 0
A72: 1C24TUV | B72: {=INDEX('HD cty 2024'!B:B,MATCH('F0, F1, F2, ...'!$C72,'HD cty 2024'!B:B,0))} -> #N/A | C72: 83 | D72: 45352 | E72: 26483400 | F72: 2118672 | G72: 28602072 | H72: 1C25TUV | I72: 00001163 | J72: 45803 | K72: 111044 | L72: 8884 | M72: 119928 | Z72: 26594444 | AA72: 2127556 | AB72: 28722000 | AD72: Đảo khoản 1C25TUV/00001163; tham chiếu gốc 1C24TUV/00000083 | AG72: -111044 | AH72: -8884 | AI72: -119928 | AJ72: Giảm toàn bộ gốc: 1C24TUV/00000083 | AM72: -26483400 | AN72: -2118672 | AO72: -28602072 | BB72: =IF(AND(ISNUMBER(Z72),COUNT(AG72,AM72,AS72,AY72)=2),Z72+SUM(AG72,AM72,AS72,AY72),"") -> 0 | BC72: =IF(AND(ISNUMBER(AA72),COUNT(AH72,AN72,AT72,AZ72)=2),AA72+SUM(AH72,AN72,AT72,AZ72),"") -> 0 | BD72: =IF(AND(ISNUMBER(AB72),COUNT(AI72,AO72,AU72,BA72)=2),AB72+SUM(AI72,AO72,AU72,BA72),"") -> 0
A73: 1C24TUV | B73: {=INDEX('HD cty 2024'!B:B,MATCH('F0, F1, F2, ...'!$C73,'HD cty 2024'!B:B,0))} -> #N/A | C73: 84 | D73: 45352 | E73: 19708380 | F73: 1576670 | G73: 21285050 | H73: 1C25TUV | I73: 00001164 | J73: 45803 | K73: 1711527 | L73: 136922 | M73: 1848449 | Z73: 21419907 | AA73: 1713592 | AB73: 23133499 | AD73: Đảo khoản 1C25TUV/00001164; tham chiếu gốc 1C24TUV/00000084 | AG73: -1711527 | AH73: -136922 | AI73: -1848449 | AJ73: Giảm toàn bộ gốc: 1C24TUV/00000084 | AM73: -19708380 | AN73: -1576670 | AO73: -21285050 | BB73: =IF(AND(ISNUMBER(Z73),COUNT(AG73,AM73,AS73,AY73)=2),Z73+SUM(AG73,AM73,AS73,AY73),"") -> 0 | BC73: =IF(AND(ISNUMBER(AA73),COUNT(AH73,AN73,AT73,AZ73)=2),AA73+SUM(AH73,AN73,AT73,AZ73),"") -> 0 | BD73: =IF(AND(ISNUMBER(AB73),COUNT(AI73,AO73,AU73,BA73)=2),AB73+SUM(AI73,AO73,AU73,BA73),"") -> 0
A74: 1C24TUV | B74: {=INDEX('HD cty 2024'!B:B,MATCH('F0, F1, F2, ...'!$C74,'HD cty 2024'!B:B,0))} -> #N/A | C74: 85 | D74: 45352 | E74: 9071140 | F74: 725691 | G74: 9796831 | H74: 1C25TUV | I74: 00001165 | J74: 45803 | K74: 655465 | L74: 52437 | M74: 707902 | Z74: 9726605 | AA74: 778128 | AB74: 10504733 | AD74: Đảo khoản 1C25TUV/00001165; tham chiếu gốc 1C24TUV/00000085 | AG74: -655465 | AH74: -52437 | AI74: -707902 | AJ74: Giảm toàn bộ gốc: 1C24TUV/00000085 | AM74: -9071140 | AN74: -725691 | AO74: -9796831 | BB74: =IF(AND(ISNUMBER(Z74),COUNT(AG74,AM74,AS74,AY74)=2),Z74+SUM(AG74,AM74,AS74,AY74),"") -> 0 | BC74: =IF(AND(ISNUMBER(AA74),COUNT(AH74,AN74,AT74,AZ74)=2),AA74+SUM(AH74,AN74,AT74,AZ74),"") -> 0 | BD74: =IF(AND(ISNUMBER(AB74),COUNT(AI74,AO74,AU74,BA74)=2),AB74+SUM(AI74,AO74,AU74,BA74),"") -> 0
A75: 1C24TUV | B75: {=INDEX('HD cty 2024'!B:B,MATCH('F0, F1, F2, ...'!$C75,'HD cty 2024'!B:B,0))} -> #N/A | C75: 86 | D75: 45352 | E75: 37697224 | F75: 3015778 | G75: 40713002 | H75: 1C25TUV | I75: 00001166 | J75: 45803 | K75: 1906480 | L75: 152518 | M75: 2058998 | Z75: 39603704 | AA75: 3168296 | AB75: 42772000 | AD75: Đảo khoản 1C25TUV/00001166; tham chiếu gốc 1C24TUV/00000086 | AG75: -1906480 | AH75: -152518 | AI75: -2058998 | AJ75: Giảm toàn bộ gốc: 1C24TUV/00000086 | AM75: -37697224 | AN75: -3015778 | AO75: -40713002 | BB75: =IF(AND(ISNUMBER(Z75),COUNT(AG75,AM75,AS75,AY75)=2),Z75+SUM(AG75,AM75,AS75,AY75),"") -> 0 | BC75: =IF(AND(ISNUMBER(AA75),COUNT(AH75,AN75,AT75,AZ75)=2),AA75+SUM(AH75,AN75,AT75,AZ75),"") -> 0 | BD75: =IF(AND(ISNUMBER(AB75),COUNT(AI75,AO75,AU75,BA75)=2),AB75+SUM(AI75,AO75,AU75,BA75),"") -> 0
A76: 1C24TUV | B76: {=INDEX('HD cty 2024'!B:B,MATCH('F0, F1, F2, ...'!$C76,'HD cty 2024'!B:B,0))} -> #N/A | C76: 88 | D76: 45352 | E76: 51073204 | F76: 4085856 | G76: 55159060 | H76: 1C25TUV | I76: 00001056 | J76: 45803 | K76: 3689759 | L76: 295181 | M76: 3984940 | Z76: 54762963 | AA76: 4381037 | AB76: 59144000 | AD76: Đảo khoản 1C25TUV/00001056; tham chiếu gốc 1C24TUV/00000088 | AG76: -3689759 | AH76: -295181 | AI76: -3984940 | AJ76: Giảm toàn bộ gốc: 1C24TUV/00000088 | AM76: -51073204 | AN76: -4085856 | AO76: -55159060 | BB76: =IF(AND(ISNUMBER(Z76),COUNT(AG76,AM76,AS76,AY76)=2),Z76+SUM(AG76,AM76,AS76,AY76),"") -> 0 | BC76: =IF(AND(ISNUMBER(AA76),COUNT(AH76,AN76,AT76,AZ76)=2),AA76+SUM(AH76,AN76,AT76,AZ76),"") -> 0 | BD76: =IF(AND(ISNUMBER(AB76),COUNT(AI76,AO76,AU76,BA76)=2),AB76+SUM(AI76,AO76,AU76,BA76),"") -> 0
A77: 1C24TUV | B77: {=INDEX('HD cty 2024'!B:B,MATCH('F0, F1, F2, ...'!$C77,'HD cty 2024'!B:B,0))} -> #N/A | C77: 90 | D77: 45352 | E77: 24714787 | F77: 1977183 | G77: 26691970 | H77: 1C25TUV | I77: 00001057 | J77: 45803 | K77: 885213 | L77: 70817 | M77: 956030 | Z77: 25600000 | AA77: 2048000 | AB77: 27648000 | AD77: Đảo khoản 1C25TUV/00001057; tham chiếu gốc 1C24TUV/00000090 | AG77: -885213 | AH77: -70817 | AI77: -956030 | AJ77: Giảm toàn bộ gốc: 1C24TUV/00000090 | AM77: -24714787 | AN77: -1977183 | AO77: -26691970 | BB77: =IF(AND(ISNUMBER(Z77),COUNT(AG77,AM77,AS77,AY77)=2),Z77+SUM(AG77,AM77,AS77,AY77),"") -> 0 | BC77: =IF(AND(ISNUMBER(AA77),COUNT(AH77,AN77,AT77,AZ77)=2),AA77+SUM(AH77,AN77,AT77,AZ77),"") -> 0 | BD77: =IF(AND(ISNUMBER(AB77),COUNT(AI77,AO77,AU77,BA77)=2),AB77+SUM(AI77,AO77,AU77,BA77),"") -> 0
A78: 1C24TUV | B78: {=INDEX('HD cty 2024'!B:B,MATCH('F0, F1, F2, ...'!$C78,'HD cty 2024'!B:B,0))} -> #N/A | C78: 91 | D78: 45352 | E78: 13319278 | F78: 1065542 | G78: 14384820 | H78: 1C25TUV | I78: 00001147 | J78: 45803 | K78: 1376092 | L78: 110087 | M78: 1486179 | Z78: 14695370 | AA78: 1175629 | AB78: 15870999 | AD78: Đảo khoản 1C25TUV/00001147; tham chiếu gốc 1C24TUV/00000091 | AG78: -1376092 | AH78: -110087 | AI78: -1486179 | AJ78: Giảm toàn bộ gốc: 1C24TUV/00000091 | AM78: -13319278 | AN78: -1065542 | AO78: -14384820 | BB78: =IF(AND(ISNUMBER(Z78),COUNT(AG78,AM78,AS78,AY78)=2),Z78+SUM(AG78,AM78,AS78,AY78),"") -> 0 | BC78: =IF(AND(ISNUMBER(AA78),COUNT(AH78,AN78,AT78,AZ78)=2),AA78+SUM(AH78,AN78,AT78,AZ78),"") -> 0 | BD78: =IF(AND(ISNUMBER(AB78),COUNT(AI78,AO78,AU78,BA78)=2),AB78+SUM(AI78,AO78,AU78,BA78),"") -> 0
A79: 1C24TUV | B79: {=INDEX('HD cty 2024'!B:B,MATCH('F0, F1, F2, ...'!$C79,'HD cty 2024'!B:B,0))} -> #N/A | C79: 92 | D79: 45352 | E79: 24991148 | F79: 1999292 | G79: 26990440 | H79: 1C25TUV | I79: 00001148 | J79: 45803 | K79: 867185 | L79: 69375 | M79: 936560 | Z79: 25858333 | AA79: 2068667 | AB79: 27927000 | AD79: Đảo khoản 1C25TUV/00001148; tham chiếu gốc 1C24TUV/00000092 | AG79: -867185 | AH79: -69375 | AI79: -936560 | AJ79: Giảm toàn bộ gốc: 1C24TUV/00000092 | AM79: -24991148 | AN79: -1999292 | AO79: -26990440 | BB79: =IF(AND(ISNUMBER(Z79),COUNT(AG79,AM79,AS79,AY79)=2),Z79+SUM(AG79,AM79,AS79,AY79),"") -> 0 | BC79: =IF(AND(ISNUMBER(AA79),COUNT(AH79,AN79,AT79,AZ79)=2),AA79+SUM(AH79,AN79,AT79,AZ79),"") -> 0 | BD79: =IF(AND(ISNUMBER(AB79),COUNT(AI79,AO79,AU79,BA79)=2),AB79+SUM(AI79,AO79,AU79,BA79),"") -> 0
A80: 1C24TUV | B80: {=INDEX('HD cty 2024'!B:B,MATCH('F0, F1, F2, ...'!$C80,'HD cty 2024'!B:B,0))} -> #N/A | C80: 93 | D80: 45352 | E80: 20222499 | F80: 1617800 | G80: 21840299 | H80: 1C25TUV | I80: 00001167 | J80: 45803 | K80: 621945 | L80: 49756 | M80: 670701 | Z80: 20844444 | AA80: 1667556 | AB80: 22511000 | AC80: Đã chốt kế toán 11/10/2026. Đảo từng chỉ tiêu đúng số trên XML đã phát hành của mọi điều chỉnh cũ trong chuỗi, giữ nguyên độ lớn; đồng thời chuẩn bị giảm đủ chi tiết hóa đơn gốc. Số đảo giữ lệch tổng tiền đã phát hành; cần kiểm tra khả năng nhập trên phần mềm. | AD80: Đảo điều chỉnh cũ: 1C25TUV/00001167 — STT import 1997 | AF80: 46307 | AG80: -621945 | AH80: -49756 | AI80: -670701 | AJ80: Giảm hóa đơn gốc: 1C24TUV/00000093 — STT import 1998 | AL80: 46307 | AM80: -20222499 | AN80: -1617800 | AO80: -21840299 | BB80: =IF(AND(ISNUMBER(Z80),COUNT(AG80,AM80,AS80,AY80)=2),Z80+SUM(AG80,AM80,AS80,AY80),"") -> 0 | BC80: =IF(AND(ISNUMBER(AA80),COUNT(AH80,AN80,AT80,AZ80)=2),AA80+SUM(AH80,AN80,AT80,AZ80),"") -> 0 | BD80: =IF(AND(ISNUMBER(AB80),COUNT(AI80,AO80,AU80,BA80)=2),AB80+SUM(AI80,AO80,AU80,BA80),"") -> 0
A81: 1C24TUV | B81: {=INDEX('HD cty 2024'!B:B,MATCH('F0, F1, F2, ...'!$C81,'HD cty 2024'!B:B,0))} -> #N/A | C81: 94 | D81: 45353 | E81: 30424591 | F81: 2433967 | G81: 32858558 | H81: 1C25TUV | I81: 00001149 | J81: 45803 | K81: 1605039 | L81: 128403 | M81: 1733442 | Z81: 32029630 | AA81: 2562370 | AB81: 34592000 | AD81: Đảo khoản 1C25TUV/00001149; tham chiếu gốc 1C24TUV/00000094 | AG81: -1605039 | AH81: -128403 | AI81: -1733442 | AJ81: Giảm toàn bộ gốc: 1C24TUV/00000094 | AM81: -30424591 | AN81: -2433967 | AO81: -32858558 | BB81: =IF(AND(ISNUMBER(Z81),COUNT(AG81,AM81,AS81,AY81)=2),Z81+SUM(AG81,AM81,AS81,AY81),"") -> 0 | BC81: =IF(AND(ISNUMBER(AA81),COUNT(AH81,AN81,AT81,AZ81)=2),AA81+SUM(AH81,AN81,AT81,AZ81),"") -> 0 | BD81: =IF(AND(ISNUMBER(AB81),COUNT(AI81,AO81,AU81,BA81)=2),AB81+SUM(AI81,AO81,AU81,BA81),"") -> 0
A82: 1C24TUV | B82: {=INDEX('HD cty 2024'!B:B,MATCH('F0, F1, F2, ...'!$C82,'HD cty 2024'!B:B,0))} -> #N/A | C82: 95 | D82: 45353 | E82: 46734349 | F82: 3738748 | G82: 50473097 | H82: 1C25TUV | I82: 00001150 | J82: 45803 | K82: 3512873 | L82: 281030 | M82: 3793903 | Z82: 50247222 | AA82: 4019778 | AB82: 54267000 | AD82: Đảo khoản 1C25TUV/00001150; tham chiếu gốc 1C24TUV/00000095 | AG82: -3512873 | AH82: -281030 | AI82: -3793903 | AJ82: Giảm toàn bộ gốc: 1C24TUV/00000095 | AM82: -46734349 | AN82: -3738748 | AO82: -50473097 | BB82: =IF(AND(ISNUMBER(Z82),COUNT(AG82,AM82,AS82,AY82)=2),Z82+SUM(AG82,AM82,AS82,AY82),"") -> 0 | BC82: =IF(AND(ISNUMBER(AA82),COUNT(AH82,AN82,AT82,AZ82)=2),AA82+SUM(AH82,AN82,AT82,AZ82),"") -> 0 | BD82: =IF(AND(ISNUMBER(AB82),COUNT(AI82,AO82,AU82,BA82)=2),AB82+SUM(AI82,AO82,AU82,BA82),"") -> 0
A83: 1C24TUV | B83: {=INDEX('HD cty 2024'!B:B,MATCH('F0, F1, F2, ...'!$C83,'HD cty 2024'!B:B,0))} -> #N/A | C83: 96 | D83: 45353 | E83: 16909093 | F83: 1352727 | G83: 18261820 | H83: 1C25TUV | I83: 00002319 | J83: 45807 | K83: 584329 | L83: 46746 | M83: 631075 | Z83: 17493422 | AA83: 1399473 | AB83: 18892895 | AD83: Đảo khoản 1C25TUV/00002319; tham chiếu gốc 1C24TUV/00000096 | AG83: -584329 | AH83: -46746 | AI83: -631075 | AJ83: Giảm toàn bộ gốc: 1C24TUV/00000096 | AM83: -16909093 | AN83: -1352727 | AO83: -18261820 | BB83: =IF(AND(ISNUMBER(Z83),COUNT(AG83,AM83,AS83,AY83)=2),Z83+SUM(AG83,AM83,AS83,AY83),"") -> 0 | BC83: =IF(AND(ISNUMBER(AA83),COUNT(AH83,AN83,AT83,AZ83)=2),AA83+SUM(AH83,AN83,AT83,AZ83),"") -> 0 | BD83: =IF(AND(ISNUMBER(AB83),COUNT(AI83,AO83,AU83,BA83)=2),AB83+SUM(AI83,AO83,AU83,BA83),"") -> 0
A84: 1C24TUV | B84: {=INDEX('HD cty 2024'!B:B,MATCH('F0, F1, F2, ...'!$C84,'HD cty 2024'!B:B,0))} -> #N/A | C84: 97 | D84: 45359 | E84: 45360777 | F84: 3628862 | G84: 48989639 | H84: 1C25TUV | I84: 00001168 | J84: 45803 | K84: 1068853 | L84: 85508 | M84: 1154361 | Z84: 46429630 | AA84: 3714370 | AB84: 50144000 | AD84: Đảo khoản 1C25TUV/00001168; tham chiếu gốc 1C24TUV/00000097 | AG84: -1068853 | AH84: -85508 | AI84: -1154361 | AJ84: Giảm toàn bộ gốc: 1C24TUV/00000097 | AM84: -45360777 | AN84: -3628862 | AO84: -48989639 | BB84: =IF(AND(ISNUMBER(Z84),COUNT(AG84,AM84,AS84,AY84)=2),Z84+SUM(AG84,AM84,AS84,AY84),"") -> 0 | BC84: =IF(AND(ISNUMBER(AA84),COUNT(AH84,AN84,AT84,AZ84)=2),AA84+SUM(AH84,AN84,AT84,AZ84),"") -> 0 | BD84: =IF(AND(ISNUMBER(AB84),COUNT(AI84,AO84,AU84,BA84)=2),AB84+SUM(AI84,AO84,AU84,BA84),"") -> 0
A85: 1C24TUV | B85: {=INDEX('HD cty 2024'!B:B,MATCH('F0, F1, F2, ...'!$C85,'HD cty 2024'!B:B,0))} -> #N/A | C85: 98 | D85: 45359 | E85: 59024250 | F85: 4721940 | G85: 63746190 | H85: 1C25TUV | I85: 00001151 | J85: 45803 | K85: 2402602 | L85: 192208 | M85: 2594810 | Z85: 61426852 | AA85: 4914148 | AB85: 66341000 | AD85: Đảo khoản 1C25TUV/00001151; tham chiếu gốc 1C24TUV/00000098 | AG85: -2402602 | AH85: -192208 | AI85: -2594810 | AJ85: Giảm toàn bộ gốc: 1C24TUV/00000098 | AM85: -59024250 | AN85: -4721940 | AO85: -63746190 | BB85: =IF(AND(ISNUMBER(Z85),COUNT(AG85,AM85,AS85,AY85)=2),Z85+SUM(AG85,AM85,AS85,AY85),"") -> 0 | BC85: =IF(AND(ISNUMBER(AA85),COUNT(AH85,AN85,AT85,AZ85)=2),AA85+SUM(AH85,AN85,AT85,AZ85),"") -> 0 | BD85: =IF(AND(ISNUMBER(AB85),COUNT(AI85,AO85,AU85,BA85)=2),AB85+SUM(AI85,AO85,AU85,BA85),"") -> 0
A86: 1C24TUV | B86: {=INDEX('HD cty 2024'!B:B,MATCH('F0, F1, F2, ...'!$C86,'HD cty 2024'!B:B,0))} -> #N/A | C86: 99 | D86: 45359 | E86: 42110043 | F86: 3368803 | G86: 45478846 | H86: 1C25TUV | I86: 00001152 | J86: 45803 | K86: 4209401 | L86: 336752 | M86: 4546153 | Z86: 46319444 | AA86: 3705555 | AB86: 50024999 | AD86: Đảo khoản 1C25TUV/00001152; tham chiếu gốc 1C24TUV/00000099 | AG86: -4209401 | AH86: -336752 | AI86: -4546153 | AJ86: Giảm toàn bộ gốc: 1C24TUV/00000099 | AM86: -42110043 | AN86: -3368803 | AO86: -45478846 | BB86: =IF(AND(ISNUMBER(Z86),COUNT(AG86,AM86,AS86,AY86)=2),Z86+SUM(AG86,AM86,AS86,AY86),"") -> 0 | BC86: =IF(AND(ISNUMBER(AA86),COUNT(AH86,AN86,AT86,AZ86)=2),AA86+SUM(AH86,AN86,AT86,AZ86),"") -> 0 | BD86: =IF(AND(ISNUMBER(AB86),COUNT(AI86,AO86,AU86,BA86)=2),AB86+SUM(AI86,AO86,AU86,BA86),"") -> 0
A87: 1C24TUV | B87: {=INDEX('HD cty 2024'!B:B,MATCH('F0, F1, F2, ...'!$C87,'HD cty 2024'!B:B,0))} -> #N/A | C87: 100 | D87: 45359 | E87: 3453547 | F87: 276284 | G87: 3729831 | H87: 1C25TUV | I87: 00002320 | J87: 45807 | K87: -40913 | L87: -3273 | M87: -44186 | Z87: 3412634 | AA87: 273011 | AB87: 3685645 | AD87: Đảo khoản 1C25TUV/00002320; tham chiếu gốc 1C24TUV/00000100 | AG87: 40913 | AH87: 3273 | AI87: 44186 | AJ87: Giảm toàn bộ gốc: 1C24TUV/00000100 | AM87: -3453547 | AN87: -276284 | AO87: -3729831 | BB87: =IF(AND(ISNUMBER(Z87),COUNT(AG87,AM87,AS87,AY87)=2),Z87+SUM(AG87,AM87,AS87,AY87),"") -> 0 | BC87: =IF(AND(ISNUMBER(AA87),COUNT(AH87,AN87,AT87,AZ87)=2),AA87+SUM(AH87,AN87,AT87,AZ87),"") -> 0 | BD87: =IF(AND(ISNUMBER(AB87),COUNT(AI87,AO87,AU87,BA87)=2),AB87+SUM(AI87,AO87,AU87,BA87),"") -> 0
A88: 1C24TUV | B88: {=INDEX('HD cty 2024'!B:B,MATCH('F0, F1, F2, ...'!$C88,'HD cty 2024'!B:B,0))} -> #N/A | C88: 101 | D88: 45359 | E88: 51685603 | F88: 4134848 | G88: 55820451 | H88: 1C25TUV | I88: 00001153 | J88: 45803 | K88: 4833841 | L88: 386707 | M88: 5220548 | Z88: 56519444 | AA88: 4521555 | AB88: 61040999 | AD88: Đảo khoản 1C25TUV/00001153; tham chiếu gốc 1C24TUV/00000101 | AG88: -4833841 | AH88: -386707 | AI88: -5220548 | AJ88: Giảm toàn bộ gốc: 1C24TUV/00000101 | AM88: -51685603 | AN88: -4134848 | AO88: -55820451 | BB88: =IF(AND(ISNUMBER(Z88),COUNT(AG88,AM88,AS88,AY88)=2),Z88+SUM(AG88,AM88,AS88,AY88),"") -> 0 | BC88: =IF(AND(ISNUMBER(AA88),COUNT(AH88,AN88,AT88,AZ88)=2),AA88+SUM(AH88,AN88,AT88,AZ88),"") -> 0 | BD88: =IF(AND(ISNUMBER(AB88),COUNT(AI88,AO88,AU88,BA88)=2),AB88+SUM(AI88,AO88,AU88,BA88),"") -> 0
A89: 1C24TUV | B89: {=INDEX('HD cty 2024'!B:B,MATCH('F0, F1, F2, ...'!$C89,'HD cty 2024'!B:B,0))} -> #N/A | C89: 102 | D89: 45359 | E89: 41824739 | F89: 3345979 | G89: 45170718 | H89: 1C25TUV | I89: 00001154 | J89: 45803 | K89: 5556742 | L89: 444539 | M89: 6001281 | Z89: 47381481 | AA89: 3790518 | AB89: 51171999 | AD89: Đảo khoản 1C25TUV/00001154; tham chiếu gốc 1C24TUV/00000102 | AG89: -5556742 | AH89: -444539 | AI89: -6001281 | AJ89: Giảm toàn bộ gốc: 1C24TUV/00000102 | AM89: -41824739 | AN89: -3345979 | AO89: -45170718 | BB89: =IF(AND(ISNUMBER(Z89),COUNT(AG89,AM89,AS89,AY89)=2),Z89+SUM(AG89,AM89,AS89,AY89),"") -> 0 | BC89: =IF(AND(ISNUMBER(AA89),COUNT(AH89,AN89,AT89,AZ89)=2),AA89+SUM(AH89,AN89,AT89,AZ89),"") -> 0 | BD89: =IF(AND(ISNUMBER(AB89),COUNT(AI89,AO89,AU89,BA89)=2),AB89+SUM(AI89,AO89,AU89,BA89),"") -> 0
A90: 1C24TUV | B90: {=INDEX('HD cty 2024'!B:B,MATCH('F0, F1, F2, ...'!$C90,'HD cty 2024'!B:B,0))} -> #N/A | C90: 103 | D90: 45359 | E90: 10501079 | F90: 840086 | G90: 11341165 | H90: 1C25TUV | I90: 00002321 | J90: 45807 | K90: -222221 | L90: -17778 | M90: -239999 | Z90: 10278858 | AA90: 822308 | AB90: 11101166 | AD90: Đảo khoản 1C25TUV/00002321; tham chiếu gốc 1C24TUV/00000103 | AG90: 222221 | AH90: 17778 | AI90: 239999 | AJ90: Giảm toàn bộ gốc: 1C24TUV/00000103 | AM90: -10501079 | AN90: -840086 | AO90: -11341165 | BB90: =IF(AND(ISNUMBER(Z90),COUNT(AG90,AM90,AS90,AY90)=2),Z90+SUM(AG90,AM90,AS90,AY90),"") -> 0 | BC90: =IF(AND(ISNUMBER(AA90),COUNT(AH90,AN90,AT90,AZ90)=2),AA90+SUM(AH90,AN90,AT90,AZ90),"") -> 0 | BD90: =IF(AND(ISNUMBER(AB90),COUNT(AI90,AO90,AU90,BA90)=2),AB90+SUM(AI90,AO90,AU90,BA90),"") -> 0
A91: 1C24TUV | B91: {=INDEX('HD cty 2024'!B:B,MATCH('F0, F1, F2, ...'!$C91,'HD cty 2024'!B:B,0))} -> #N/A | C91: 105 | D91: 45363 | E91: 60885501 | F91: 4870840 | G91: 65756341 | H91: 1C25TUV | I91: 00001155 | J91: 45803 | K91: 5947832 | L91: 475827 | M91: 6423659 | Z91: 66833333 | AA91: 5346667 | AB91: 72180000 | AD91: Đảo khoản 1C25TUV/00001155; tham chiếu gốc 1C24TUV/00000105 | AG91: -5947832 | AH91: -475827 | AI91: -6423659 | AJ91: Giảm toàn bộ gốc: 1C24TUV/00000105 | AM91: -60885501 | AN91: -4870840 | AO91: -65756341 | BB91: =IF(AND(ISNUMBER(Z91),COUNT(AG91,AM91,AS91,AY91)=2),Z91+SUM(AG91,AM91,AS91,AY91),"") -> 0 | BC91: =IF(AND(ISNUMBER(AA91),COUNT(AH91,AN91,AT91,AZ91)=2),AA91+SUM(AH91,AN91,AT91,AZ91),"") -> 0 | BD91: =IF(AND(ISNUMBER(AB91),COUNT(AI91,AO91,AU91,BA91)=2),AB91+SUM(AI91,AO91,AU91,BA91),"") -> 0
A92: 1C24TUV | B92: {=INDEX('HD cty 2024'!B:B,MATCH('F0, F1, F2, ...'!$C92,'HD cty 2024'!B:B,0))} -> #N/A | C92: 106 | D92: 45363 | E92: 51500487 | F92: 4120039 | G92: 55620526 | H92: 1C25TUV | I92: 00001156 | J92: 45803 | K92: 7293032 | L92: 583443 | M92: 7876475 | Z92: 58793519 | AA92: 4703482 | AB92: 63497001 | AD92: Đảo khoản 1C25TUV/00001156; tham chiếu gốc 1C24TUV/00000106 | AG92: -7293032 | AH92: -583443 | AI92: -7876475 | AJ92: Giảm toàn bộ gốc: 1C24TUV/00000106 | AM92: -51500487 | AN92: -4120039 | AO92: -55620526 | BB92: =IF(AND(ISNUMBER(Z92),COUNT(AG92,AM92,AS92,AY92)=2),Z92+SUM(AG92,AM92,AS92,AY92),"") -> 0 | BC92: =IF(AND(ISNUMBER(AA92),COUNT(AH92,AN92,AT92,AZ92)=2),AA92+SUM(AH92,AN92,AT92,AZ92),"") -> 0 | BD92: =IF(AND(ISNUMBER(AB92),COUNT(AI92,AO92,AU92,BA92)=2),AB92+SUM(AI92,AO92,AU92,BA92),"") -> 0
... A101: 1C24TUV | B101: {=INDEX('HD cty 2024'!B:B,MATCH('F0, F1, F2, ...'!$C101,'HD cty 2024'!B:B,0))} -> #N/A | C101: 128 | D101: 45382 | E101: 56066790 | F101: 4485343 | G101: 60552133 | H101: 1C25TUV | I101: 00001173 | J101: 45803 | K101: 2822625 | L101: 225810 | M101: 3048435 | Z101: 58889415 | AA101: 4711153 | AB101: 63600568 | AD101: Đảo khoản 1C25TUV/00001173; tham chiếu gốc 1C24TUV/00000128 | AG101: -2822625 | AH101: -225810 | AI101: -3048435 | AJ101: Giảm toàn bộ gốc: 1C24TUV/00000128 | AM101: -56066790 | AN101: -4485343 | AO101: -60552133 | BB101: =IF(AND(ISNUMBER(Z101),COUNT(AG101,AM101,AS101,AY101)=2),Z101+SUM(AG101,AM101,AS101,AY101),"") -> 0 | BC101: =IF(AND(ISNUMBER(AA101),COUNT(AH101,AN101,AT101,AZ101)=2),AA101+SUM(AH101,AN101,AT101,AZ101),"") -> 0 | BD101: =IF(AND(ISNUMBER(AB101),COUNT(AI101,AO101,AU101,BA101)=2),AB101+SUM(AI101,AO101,AU101,BA101),"") -> 0
A102: 1C24TUV | B102: {=INDEX('HD cty 2024'!B:B,MATCH('F0, F1, F2, ...'!$C102,'HD cty 2024'!B:B,0))} -> #N/A | C102: 129 | D102: 45382 | E102: 217728059 | F102: 17418245 | G102: 235146304 | H102: 1C25TUV | I102: 00002612 | J102: 45808 | K102: 25412682 | L102: 2033015 | M102: 27445697 | N102: 1C25TUV | O102: 00002645 | P102: 45808 | Q102: -4782871 | R102: -382630 | S102: -5165501 | Z102: 238357870 | AA102: 19068630 | AB102: 257426500 | AD102: Đảo khoản 1C25TUV/00002612; tham chiếu gốc 1C24TUV/00000129 | AG102: -25412682 | AH102: -2033015 | AI102: -27445697 | AJ102: Đảo khoản 1C25TUV/00002645; tham chiếu gốc 1C24TUV/00000129 | AM102: 4782871 | AN102: 382630 | AO102: 5165501 | AP102: Giảm toàn bộ gốc: 1C24TUV/00000129 | AS102: -217728059 | AT102: -17418245 | AU102: -235146304 | BB102: =IF(AND(ISNUMBER(Z102),COUNT(AG102,AM102,AS102,AY102)=3),Z102+SUM(AG102,AM102,AS102,AY102),"") -> 0 | BC102: =IF(AND(ISNUMBER(AA102),COUNT(AH102,AN102,AT102,AZ102)=3),AA102+SUM(AH102,AN102,AT102,AZ102),"") -> 0 | BD102: =IF(AND(ISNUMBER(AB102),COUNT(AI102,AO102,AU102,BA102)=3),AB102+SUM(AI102,AO102,AU102,BA102),"") -> 0
A103: 1C24TUV | B103: {=INDEX('HD cty 2024'!B:B,MATCH('F0, F1, F2, ...'!$C103,'HD cty 2024'!B:B,0))} -> #N/A | C103: 130 | D103: 45382 | E103: 110869695 | F103: 8869576 | G103: 119739271 | H103: 1C25TUV | I103: 00001174 | J103: 45803 | K103: 6465953 | L103: 517276 | M103: 6983229 | Z103: 117335648 | AA103: 9386852 | AB103: 126722500 | AD103: Đảo khoản 1C25TUV/00001174; tham chiếu gốc 1C24TUV/00000130 | AG103: -6465953 | AH103: -517276 | AI103: -6983229 | AJ103: Giảm toàn bộ gốc: 1C24TUV/00000130 | AM103: -110869695 | AN103: -8869576 | AO103: -119739271 | BB103: =IF(AND(ISNUMBER(Z103),COUNT(AG103,AM103,AS103,AY103)=2),Z103+SUM(AG103,AM103,AS103,AY103),"") -> 0 | BC103: =IF(AND(ISNUMBER(AA103),COUNT(AH103,AN103,AT103,AZ103)=2),AA103+SUM(AH103,AN103,AT103,AZ103),"") -> 0 | BD103: =IF(AND(ISNUMBER(AB103),COUNT(AI103,AO103,AU103,BA103)=2),AB103+SUM(AI103,AO103,AU103,BA103),"") -> 0
A104: 1C24TUV | B104: {=INDEX('HD cty 2024'!B:B,MATCH('F0, F1, F2, ...'!$C104,'HD cty 2024'!B:B,0))} -> #N/A | C104: 131 | D104: 45382 | E104: 61801852 | F104: 4944148 | G104: 66746000 | H104: 1C25TUV | I104: 00001175 | J104: 45803 | K104: 3977778 | L104: 318222 | M104: 4296000 | Z104: 65779630 | AA104: 5262370 | AB104: 71042000 | AD104: Đảo khoản 1C25TUV/00001175; tham chiếu gốc 1C24TUV/00000131 | AG104: -3977778 | AH104: -318222 | AI104: -4296000 | AJ104: Giảm toàn bộ gốc: 1C24TUV/00000131 | AM104: -61801852 | AN104: -4944148 | AO104: -66746000 | BB104: =IF(AND(ISNUMBER(Z104),COUNT(AG104,AM104,AS104,AY104)=2),Z104+SUM(AG104,AM104,AS104,AY104),"") -> 0 | BC104: =IF(AND(ISNUMBER(AA104),COUNT(AH104,AN104,AT104,AZ104)=2),AA104+SUM(AH104,AN104,AT104,AZ104),"") -> 0 | BD104: =IF(AND(ISNUMBER(AB104),COUNT(AI104,AO104,AU104,BA104)=2),AB104+SUM(AI104,AO104,AU104,BA104),"") -> 0
A105: 1C24TUV | B105: {=INDEX('HD cty 2024'!B:B,MATCH('F0, F1, F2, ...'!$C105,'HD cty 2024'!B:B,0))} -> #N/A | C105: 133 | D105: 45387 | E105: 22509504 | F105: 1800760 | G105: 24310264 | H105: 1C25TUV | I105: 00001237 | J105: 45804 | K105: 1902533 | L105: 152203 | M105: 2054736 | Z105: 24412037 | AA105: 1952963 | AB105: 26365000 | AD105: Đảo khoản 1C25TUV/00001237; tham chiếu gốc 1C24TUV/00000133 | AG105: -1902533 | AH105: -152203 | AI105: -2054736 | AJ105: Giảm toàn bộ gốc: 1C24TUV/00000133 | AM105: -22509504 | AN105: -1800760 | AO105: -24310264 | BB105: =IF(AND(ISNUMBER(Z105),COUNT(AG105,AM105,AS105,AY105)=2),Z105+SUM(AG105,AM105,AS105,AY105),"") -> 0 | BC105: =IF(AND(ISNUMBER(AA105),COUNT(AH105,AN105,AT105,AZ105)=2),AA105+SUM(AH105,AN105,AT105,AZ105),"") -> 0 | BD105: =IF(AND(ISNUMBER(AB105),COUNT(AI105,AO105,AU105,BA105)=2),AB105+SUM(AI105,AO105,AU105,BA105),"") -> 0
A106: 1C24TUV | B106: {=INDEX('HD cty 2024'!B:B,MATCH('F0, F1, F2, ...'!$C106,'HD cty 2024'!B:B,0))} -> #N/A | C106: 134 | D106: 45387 | E106: 90562581 | F106: 7245006 | G106: 97807587 | H106: 1C25TUV | I106: 00001238 | J106: 45804 | K106: 6521215 | L106: 521697 | M106: 7042912 | Z106: 97083796 | AA106: 7766703 | AB106: 104850499 | AD106: Đảo khoản 1C25TUV/00001238; tham chiếu gốc 1C24TUV/00000134 | AG106: -6521215 | AH106: -521697 | AI106: -7042912 | AJ106: Giảm toàn bộ gốc: 1C24TUV/00000134 | AM106: -90562581 | AN106: -7245006 | AO106: -97807587 | BB106: =IF(AND(ISNUMBER(Z106),COUNT(AG106,AM106,AS106,AY106)=2),Z106+SUM(AG106,AM106,AS106,AY106),"") -> 0 | BC106: =IF(AND(ISNUMBER(AA106),COUNT(AH106,AN106,AT106,AZ106)=2),AA106+SUM(AH106,AN106,AT106,AZ106),"") -> 0 | BD106: =IF(AND(ISNUMBER(AB106),COUNT(AI106,AO106,AU106,BA106)=2),AB106+SUM(AI106,AO106,AU106,BA106),"") -> 0
A107: 1C24TUV | B107: {=INDEX('HD cty 2024'!B:B,MATCH('F0, F1, F2, ...'!$C107,'HD cty 2024'!B:B,0))} -> #N/A | C107: 136 | D107: 45388 | E107: 58069464 | F107: 4645557 | G107: 62715021 | H107: 1C25TUV | I107: 00001239 | J107: 45804 | K107: -522705 | L107: -41816 | M107: -564521 | Z107: 57546759 | AA107: 4603741 | AB107: 62150500 | AD107: Đảo khoản 1C25TUV/00001239; tham chiếu gốc 1C24TUV/00000136 | AG107: 522705 | AH107: 41816 | AI107: 564521 | AJ107: Giảm toàn bộ gốc: 1C24TUV/00000136 | AM107: -58069464 | AN107: -4645557 | AO107: -62715021 | BB107: =IF(AND(ISNUMBER(Z107),COUNT(AG107,AM107,AS107,AY107)=2),Z107+SUM(AG107,AM107,AS107,AY107),"") -> 0 | BC107: =IF(AND(ISNUMBER(AA107),COUNT(AH107,AN107,AT107,AZ107)=2),AA107+SUM(AH107,AN107,AT107,AZ107),"") -> 0 | BD107: =IF(AND(ISNUMBER(AB107),COUNT(AI107,AO107,AU107,BA107)=2),AB107+SUM(AI107,AO107,AU107,BA107),"") -> 0
A108: 1C24TUV | B108: {=INDEX('HD cty 2024'!B:B,MATCH('F0, F1, F2, ...'!$C108,'HD cty 2024'!B:B,0))} -> #N/A | C108: 137 | D108: 45388 | E108: 86921274 | F108: 6953702 | G108: 93874976 | H108: 1C25TUV | I108: 00001240 | J108: 45804 | K108: 656765 | L108: 52541 | M108: 709306 | Z108: 87578039 | AA108: 7006243 | AB108: 94584282 | AD108: Đảo khoản 1C25TUV/00001240; tham chiếu gốc 1C24TUV/00000137 | AG108: -656765 | AH108: -52541 | AI108: -709306 | AJ108: Giảm toàn bộ gốc: 1C24TUV/00000137 | AM108: -86921274 | AN108: -6953702 | AO108: -93874976 | BB108: =IF(AND(ISNUMBER(Z108),COUNT(AG108,AM108,AS108,AY108)=2),Z108+SUM(AG108,AM108,AS108,AY108),"") -> 0 | BC108: =IF(AND(ISNUMBER(AA108),COUNT(AH108,AN108,AT108,AZ108)=2),AA108+SUM(AH108,AN108,AT108,AZ108),"") -> 0 | BD108: =IF(AND(ISNUMBER(AB108),COUNT(AI108,AO108,AU108,BA108)=2),AB108+SUM(AI108,AO108,AU108,BA108),"") -> 0
A109: 1C24TUV | B109: {=INDEX('HD cty 2024'!B:B,MATCH('F0, F1, F2, ...'!$C109,'HD cty 2024'!B:B,0))} -> #N/A | C109: 138 | D109: 45388 | E109: 76667591 | F109: 6133407 | G109: 82800998 | H109: 1C25TUV | I109: 00001241 | J109: 45804 | K109: 1488890 | L109: 119111 | M109: 1608001 | Z109: 78156481 | AA109: 6252518 | AB109: 84408999 | AD109: Đảo khoản 1C25TUV/00001241; tham chiếu gốc 1C24TUV/00000138 | AG109: -1488890 | AH109: -119111 | AI109: -1608001 | AJ109: Giảm toàn bộ gốc: 1C24TUV/00000138 | AM109: -76667591 | AN109: -6133407 | AO109: -82800998 | BB109: =IF(AND(ISNUMBER(Z109),COUNT(AG109,AM109,AS109,AY109)=2),Z109+SUM(AG109,AM109,AS109,AY109),"") -> 0 | BC109: =IF(AND(ISNUMBER(AA109),COUNT(AH109,AN109,AT109,AZ109)=2),AA109+SUM(AH109,AN109,AT109,AZ109),"") -> 0 | BD109: =IF(AND(ISNUMBER(AB109),COUNT(AI109,AO109,AU109,BA109)=2),AB109+SUM(AI109,AO109,AU109,BA109),"") -> 0
A110: 1C24TUV | B110: {=INDEX('HD cty 2024'!B:B,MATCH('F0, F1, F2, ...'!$C110,'HD cty 2024'!B:B,0))} -> #N/A | C110: 139 | D110: 45388 | E110: 105487268 | F110: 8438981 | G110: 113926249 | H110: 1C25TUV | I110: 00001242 | J110: 45804 | K110: 2846065 | L110: 227685 | M110: 3073750 | Z110: 108333333 | AA110: 8666666 | AB110: 116999999 | AD110: Đảo khoản 1C25TUV/00001242; tham chiếu gốc 1C24TUV/00000139 | AG110: -2846065 | AH110: -227685 | AI110: -3073750 | AJ110: Giảm toàn bộ gốc: 1C24TUV/00000139 | AM110: -105487268 | AN110: -8438981 | AO110: -113926249 | BB110: =IF(AND(ISNUMBER(Z110),COUNT(AG110,AM110,AS110,AY110)=2),Z110+SUM(AG110,AM110,AS110,AY110),"") -> 0 | BC110: =IF(AND(ISNUMBER(AA110),COUNT(AH110,AN110,AT110,AZ110)=2),AA110+SUM(AH110,AN110,AT110,AZ110),"") -> 0 | BD110: =IF(AND(ISNUMBER(AB110),COUNT(AI110,AO110,AU110,BA110)=2),AB110+SUM(AI110,AO110,AU110,BA110),"") -> 0
A111: 1C24TUV | B111: {=INDEX('HD cty 2024'!B:B,MATCH('F0, F1, F2, ...'!$C111,'HD cty 2024'!B:B,0))} -> #N/A | C111: 140 | D111: 45388 | E111: 112003522 | F111: 8960282 | G111: 120963804 | H111: 1C25TUV | I111: 00001243 | J111: 45804 | K111: 3393237 | L111: 271459 | M111: 3664696 | Z111: 115396759 | AA111: 9231741 | AB111: 124628500 | AD111: Đảo khoản 1C25TUV/00001243; tham chiếu gốc 1C24TUV/00000140 | AG111: -3393237 | AH111: -271459 | AI111: -3664696 | AJ111: Giảm toàn bộ gốc: 1C24TUV/00000140 | AM111: -112003522 | AN111: -8960282 | AO111: -120963804 | BB111: =IF(AND(ISNUMBER(Z111),COUNT(AG111,AM111,AS111,AY111)=2),Z111+SUM(AG111,AM111,AS111,AY111),"") -> 0 | BC111: =IF(AND(ISNUMBER(AA111),COUNT(AH111,AN111,AT111,AZ111)=2),AA111+SUM(AH111,AN111,AT111,AZ111),"") -> 0 | BD111: =IF(AND(ISNUMBER(AB111),COUNT(AI111,AO111,AU111,BA111)=2),AB111+SUM(AI111,AO111,AU111,BA111),"") -> 0
A112: 1C24TUV | B112: {=INDEX('HD cty 2024'!B:B,MATCH('F0, F1, F2, ...'!$C112,'HD cty 2024'!B:B,0))} -> #N/A | C112: 141 | D112: 45388 | E112: 100486135 | F112: 8038891 | G112: 108525026 | H112: 1C25TUV | I112: 00002613 | J112: 45808 | K112: 5368032 | L112: 429443 | M112: 5797475 | Z112: 105854167 | AA112: 8468334 | AB112: 114322501 | AD112: Đảo khoản 1C25TUV/00002613; tham chiếu gốc 1C24TUV/00000141 | AG112: -5368032 | AH112: -429443 | AI112: -5797475 | AJ112: Giảm toàn bộ gốc: 1C24TUV/00000141 | AM112: -100486135 | AN112: -8038891 | AO112: -108525026 | BB112: =IF(AND(ISNUMBER(Z112),COUNT(AG112,AM112,AS112,AY112)=2),Z112+SUM(AG112,AM112,AS112,AY112),"") -> 0 | BC112: =IF(AND(ISNUMBER(AA112),COUNT(AH112,AN112,AT112,AZ112)=2),AA112+SUM(AH112,AN112,AT112,AZ112),"") -> 0 | BD112: =IF(AND(ISNUMBER(AB112),COUNT(AI112,AO112,AU112,BA112)=2),AB112+SUM(AI112,AO112,AU112,BA112),"") -> 0
A113: 1C24TUV | B113: {=INDEX('HD cty 2024'!B:B,MATCH('F0, F1, F2, ...'!$C113,'HD cty 2024'!B:B,0))} -> #N/A | C113: 142 | D113: 45388 | E113: 264196218 | F113: 21135697 | G113: 285331915 | H113: 1C25TUV | I113: 00001244 | J113: 45804 | K113: 6656097 | L113: 532488 | M113: 7188585 | Z113: 270852315 | AA113: 21668185 | AB113: 292520500 | AD113: Đảo khoản 1C25TUV/00001244; tham chiếu gốc 1C24TUV/00000142 | AG113: -6656097 | AH113: -532488 | AI113: -7188585 | AJ113: Giảm toàn bộ gốc: 1C24TUV/00000142 | AM113: -264196218 | AN113: -21135697 | AO113: -285331915 | BB113: =IF(AND(ISNUMBER(Z113),COUNT(AG113,AM113,AS113,AY113)=2),Z113+SUM(AG113,AM113,AS113,AY113),"") -> 0 | BC113: =IF(AND(ISNUMBER(AA113),COUNT(AH113,AN113,AT113,AZ113)=2),AA113+SUM(AH113,AN113,AT113,AZ113),"") -> 0 | BD113: =IF(AND(ISNUMBER(AB113),COUNT(AI113,AO113,AU113,BA113)=2),AB113+SUM(AI113,AO113,AU113,BA113),"") -> 0
A114: 1C24TUV | B114: {=INDEX('HD cty 2024'!B:B,MATCH('F0, F1, F2, ...'!$C114,'HD cty 2024'!B:B,0))} -> #N/A | C114: 143 | D114: 45388 | E114: 35762276 | F114: 2860982 | G114: 38623258 | H114: 1C25TUV | I114: 00002614 | J114: 45808 | K114: 538857 | L114: 43109 | M114: 581966 | Z114: 36301133 | AA114: 2904091 | AB114: 39205224 | AD114: Đảo khoản 1C25TUV/00002614; tham chiếu gốc 1C24TUV/00000143 | AG114: -538857 | AH114: -43109 | AI114: -581966 | AJ114: Giảm toàn bộ gốc: 1C24TUV/00000143 | AM114: -35762276 | AN114: -2860982 | AO114: -38623258 | BB114: =IF(AND(ISNUMBER(Z114),COUNT(AG114,AM114,AS114,AY114)=2),Z114+SUM(AG114,AM114,AS114,AY114),"") -> 0 | BC114: =IF(AND(ISNUMBER(AA114),COUNT(AH114,AN114,AT114,AZ114)=2),AA114+SUM(AH114,AN114,AT114,AZ114),"") -> 0 | BD114: =IF(AND(ISNUMBER(AB114),COUNT(AI114,AO114,AU114,BA114)=2),AB114+SUM(AI114,AO114,AU114,BA114),"") -> 0
... A138: 1C24TUV | B138: {=INDEX('HD cty 2024'!B:B,MATCH('F0, F1, F2, ...'!$C138,'HD cty 2024'!B:B,0))} -> #N/A | C138: 172 | D138: 45404 | E138: 46453047 | F138: 3716244 | G138: 50169291 | H138: 1C25TUV | I138: 00001360 | J138: 45804 | K138: 2683064 | L138: 214645 | M138: 2897709 | Z138: 49136111 | AA138: 3930889 | AB138: 53067000 | AD138: Đảo khoản 1C25TUV/00001360; tham chiếu gốc 1C24TUV/00000172 | AG138: -2683064 | AH138: -214645 | AI138: -2897709 | AJ138: Giảm toàn bộ gốc: 1C24TUV/00000172 | AM138: -46453047 | AN138: -3716244 | AO138: -50169291 | BB138: =IF(AND(ISNUMBER(Z138),COUNT(AG138,AM138,AS138,AY138)=2),Z138+SUM(AG138,AM138,AS138,AY138),"") -> 0 | BC138: =IF(AND(ISNUMBER(AA138),COUNT(AH138,AN138,AT138,AZ138)=2),AA138+SUM(AH138,AN138,AT138,AZ138),"") -> 0 | BD138: =IF(AND(ISNUMBER(AB138),COUNT(AI138,AO138,AU138,BA138)=2),AB138+SUM(AI138,AO138,AU138,BA138),"") -> 0
A139: 1C24TUV | B139: {=INDEX('HD cty 2024'!B:B,MATCH('F0, F1, F2, ...'!$C139,'HD cty 2024'!B:B,0))} -> #N/A | C139: 173 | D139: 45404 | E139: 26342038 | F139: 2107363 | G139: 28449401 | H139: 1C25TUV | I139: 00001361 | J139: 45804 | K139: -26342038 | L139: -2107363 | M139: -28449401 | Z139: 0 | AA139: 0 | AB139: 0 | AC139: Rà 237 chuỗi: F0–F3 đã cộng dồn 0. Gốc có 28 dòng chi tiết: 18 dòng thành tiền khác 0, 10 dòng bằng 0, 0 dòng thiếu thành tiền. Có chi tiết bán và dòng 0; chỉ dòng thành tiền gốc = 0 mới nhập 1 cột Hàng khuyến mãi. Cờ KM nguyên bản: 0/28 dòng có giá trị. Nguồn: Bang_ke_chi_tiet_HD_da_su_dung_2024.xls | dòng 30173–30200.; Rà điều chỉnh cũ: 1C25TUV/00001361: chỉ điều chỉnh khoản tổng, 1 dòng; SL/đơn giá đều 0 hoặc trống, không ghi lại từng hàng gốc; tiền chi tiết khác bảng tổng (Bang_ke_chi_tiet_HD_da_su_dung_2025.xls dòng 13819). Chuỗi bằng 0 ở bảng tổng không chứng minh đã giảm chi tiết hàng. | AD139: Đảo khoản 1C25TUV/00001361; tham chiếu gốc 1C24TUV/00000173 (đã chốt theo XML) | AF139: 46304 | AG139: 26342038 | AH139: 2107363 | AI139: 28449401 | AJ139: Giảm toàn bộ chi tiết gốc 1C24TUV/00000173 (đã chốt làm lại) | AL139: 46304 | AM139: -26342038 | AN139: -2107363 | AO139: -28449401 | BB139: =IF(AND(ISNUMBER(Z139),COUNT(AG139,AM139,AS139,AY139)=2),Z139+SUM(AG139,AM139,AS139,AY139),"") -> 0 | BC139: =IF(AND(ISNUMBER(AA139),COUNT(AH139,AN139,AT139,AZ139)=2),AA139+SUM(AH139,AN139,AT139,AZ139),"") -> 0 | BD139: =IF(AND(ISNUMBER(AB139),COUNT(AI139,AO139,AU139,BA139)=2),AB139+SUM(AI139,AO139,AU139,BA139),"") -> 0
A140: 1C24TUV | B140: {=INDEX('HD cty 2024'!B:B,MATCH('F0, F1, F2, ...'!$C140,'HD cty 2024'!B:B,0))} -> #N/A | C140: 174 | D140: 45404 | E140: 19209267 | F140: 1536741 | G140: 20746008 | H140: 1C25TUV | I140: 00001226 | J140: 45804 | K140: 1745363 | L140: 139629 | M140: 1884992 | Z140: 20954630 | AA140: 1676370 | AB140: 22631000 | AD140: Đảo khoản 1C25TUV/00001226; tham chiếu gốc 1C24TUV/00000174 | AG140: -1745363 | AH140: -139629 | AI140: -1884992 | AJ140: Giảm toàn bộ gốc: 1C24TUV/00000174 | AM140: -19209267 | AN140: -1536741 | AO140: -20746008 | BB140: =IF(AND(ISNUMBER(Z140),COUNT(AG140,AM140,AS140,AY140)=2),Z140+SUM(AG140,AM140,AS140,AY140),"") -> 0 | BC140: =IF(AND(ISNUMBER(AA140),COUNT(AH140,AN140,AT140,AZ140)=2),AA140+SUM(AH140,AN140,AT140,AZ140),"") -> 0 | BD140: =IF(AND(ISNUMBER(AB140),COUNT(AI140,AO140,AU140,BA140)=2),AB140+SUM(AI140,AO140,AU140,BA140),"") -> 0
A141: 1C24TUV | B141: {=INDEX('HD cty 2024'!B:B,MATCH('F0, F1, F2, ...'!$C141,'HD cty 2024'!B:B,0))} -> #N/A | C141: 176 | D141: 45405 | E141: 202388523 | F141: 16191082 | G141: 218579605 | H141: 1C25TUV | I141: 00001227 | J141: 45804 | K141: 47894810 | L141: 3831585 | M141: 51726395 | Z141: 250283333 | AA141: 20022667 | AB141: 270306000 | AD141: Đảo khoản 1C25TUV/00001227; tham chiếu gốc 1C24TUV/00000176 | AG141: -47894810 | AH141: -3831585 | AI141: -51726395 | AJ141: Giảm toàn bộ gốc: 1C24TUV/00000176 | AM141: -202388523 | AN141: -16191082 | AO141: -218579605 | BB141: =IF(AND(ISNUMBER(Z141),COUNT(AG141,AM141,AS141,AY141)=2),Z141+SUM(AG141,AM141,AS141,AY141),"") -> 0 | BC141: =IF(AND(ISNUMBER(AA141),COUNT(AH141,AN141,AT141,AZ141)=2),AA141+SUM(AH141,AN141,AT141,AZ141),"") -> 0 | BD141: =IF(AND(ISNUMBER(AB141),COUNT(AI141,AO141,AU141,BA141)=2),AB141+SUM(AI141,AO141,AU141,BA141),"") -> 0
A142: 1C24TUV | B142: {=INDEX('HD cty 2024'!B:B,MATCH('F0, F1, F2, ...'!$C142,'HD cty 2024'!B:B,0))} -> #N/A | C142: 177 | D142: 45405 | E142: 49239625 | F142: 3939170 | G142: 53178795 | H142: 1C25TUV | I142: 00001228 | J142: 45804 | K142: 15568708 | L142: 1245497 | M142: 16814205 | Z142: 64808333 | AA142: 5184667 | AB142: 69993000 | AD142: Đảo khoản 1C25TUV/00001228; tham chiếu gốc 1C24TUV/00000177 | AG142: -15568708 | AH142: -1245497 | AI142: -16814205 | AJ142: Giảm toàn bộ gốc: 1C24TUV/00000177 | AM142: -49239625 | AN142: -3939170 | AO142: -53178795 | BB142: =IF(AND(ISNUMBER(Z142),COUNT(AG142,AM142,AS142,AY142)=2),Z142+SUM(AG142,AM142,AS142,AY142),"") -> 0 | BC142: =IF(AND(ISNUMBER(AA142),COUNT(AH142,AN142,AT142,AZ142)=2),AA142+SUM(AH142,AN142,AT142,AZ142),"") -> 0 | BD142: =IF(AND(ISNUMBER(AB142),COUNT(AI142,AO142,AU142,BA142)=2),AB142+SUM(AI142,AO142,AU142,BA142),"") -> 0
A143: 1C24TUV | B143: {=INDEX('HD cty 2024'!B:B,MATCH('F0, F1, F2, ...'!$C143,'HD cty 2024'!B:B,0))} -> #N/A | C143: 178 | D143: 45405 | E143: 57008991 | F143: 4560719 | G143: 61569710 | H143: 1C25TUV | I143: 00001229 | J143: 45804 | K143: 7542861 | L143: 603429 | M143: 8146290 | Z143: 64551852 | AA143: 5164148 | AB143: 69716000 | AD143: Đảo khoản 1C25TUV/00001229; tham chiếu gốc 1C24TUV/00000178 | AG143: -7542861 | AH143: -603429 | AI143: -8146290 | AJ143: Giảm toàn bộ gốc: 1C24TUV/00000178 | AM143: -57008991 | AN143: -4560719 | AO143: -61569710 | BB143: =IF(AND(ISNUMBER(Z143),COUNT(AG143,AM143,AS143,AY143)=2),Z143+SUM(AG143,AM143,AS143,AY143),"") -> 0 | BC143: =IF(AND(ISNUMBER(AA143),COUNT(AH143,AN143,AT143,AZ143)=2),AA143+SUM(AH143,AN143,AT143,AZ143),"") -> 0 | BD143: =IF(AND(ISNUMBER(AB143),COUNT(AI143,AO143,AU143,BA143)=2),AB143+SUM(AI143,AO143,AU143,BA143),"") -> 0
A144: 1C24TUV | B144: {=INDEX('HD cty 2024'!B:B,MATCH('F0, F1, F2, ...'!$C144,'HD cty 2024'!B:B,0))} -> #N/A | C144: 179 | D144: 45405 | E144: 35752110 | F144: 2860169 | G144: 38612279 | H144: 1C25TUV | I144: 00001230 | J144: 45804 | K144: 1460853 | L144: 116868 | M144: 1577721 | Z144: 37212963 | AA144: 2977037 | AB144: 40190000 | AD144: Đảo khoản 1C25TUV/00001230; tham chiếu gốc 1C24TUV/00000179 | AG144: -1460853 | AH144: -116868 | AI144: -1577721 | AJ144: Giảm toàn bộ gốc: 1C24TUV/00000179 | AM144: -35752110 | AN144: -2860169 | AO144: -38612279 | BB144: =IF(AND(ISNUMBER(Z144),COUNT(AG144,AM144,AS144,AY144)=2),Z144+SUM(AG144,AM144,AS144,AY144),"") -> 0 | BC144: =IF(AND(ISNUMBER(AA144),COUNT(AH144,AN144,AT144,AZ144)=2),AA144+SUM(AH144,AN144,AT144,AZ144),"") -> 0 | BD144: =IF(AND(ISNUMBER(AB144),COUNT(AI144,AO144,AU144,BA144)=2),AB144+SUM(AI144,AO144,AU144,BA144),"") -> 0
A145: 1C24TUV | B145: {=INDEX('HD cty 2024'!B:B,MATCH('F0, F1, F2, ...'!$C145,'HD cty 2024'!B:B,0))} -> #N/A | C145: 180 | D145: 45405 | E145: 112400852 | F145: 8992068 | G145: 121392920 | H145: 1C25TUV | I145: 00001231 | J145: 45804 | K145: 14209333 | L145: 1136747 | M145: 15346080 | Z145: 126610185 | AA145: 10128815 | AB145: 136739000 | AD145: Đảo khoản 1C25TUV/00001231; tham chiếu gốc 1C24TUV/00000180 | AG145: -14209333 | AH145: -1136747 | AI145: -15346080 | AJ145: Giảm toàn bộ gốc: 1C24TUV/00000180 | AM145: -112400852 | AN145: -8992068 | AO145: -121392920 | BB145: =IF(AND(ISNUMBER(Z145),COUNT(AG145,AM145,AS145,AY145)=2),Z145+SUM(AG145,AM145,AS145,AY145),"") -> 0 | BC145: =IF(AND(ISNUMBER(AA145),COUNT(AH145,AN145,AT145,AZ145)=2),AA145+SUM(AH145,AN145,AT145,AZ145),"") -> 0 | BD145: =IF(AND(ISNUMBER(AB145),COUNT(AI145,AO145,AU145,BA145)=2),AB145+SUM(AI145,AO145,AU145,BA145),"") -> 0
A146: 1C24TUV | B146: {=INDEX('HD cty 2024'!B:B,MATCH('F0, F1, F2, ...'!$C146,'HD cty 2024'!B:B,0))} -> #N/A | C146: 181 | D146: 45405 | E146: 1639264 | F146: 131141 | G146: 1770405 | H146: 1C25TUV | I146: 00002323 | J146: 45807 | K146: 21296 | L146: 1704 | M146: 23000 | Z146: 1660560 | AA146: 132845 | AB146: 1793405 | AD146: Đảo khoản 1C25TUV/00002323; tham chiếu gốc 1C24TUV/00000181 | AG146: -21296 | AH146: -1704 | AI146: -23000 | AJ146: Giảm toàn bộ gốc: 1C24TUV/00000181 | AM146: -1639264 | AN146: -131141 | AO146: -1770405 | BB146: =IF(AND(ISNUMBER(Z146),COUNT(AG146,AM146,AS146,AY146)=2),Z146+SUM(AG146,AM146,AS146,AY146),"") -> 0 | BC146: =IF(AND(ISNUMBER(AA146),COUNT(AH146,AN146,AT146,AZ146)=2),AA146+SUM(AH146,AN146,AT146,AZ146),"") -> 0 | BD146: =IF(AND(ISNUMBER(AB146),COUNT(AI146,AO146,AU146,BA146)=2),AB146+SUM(AI146,AO146,AU146,BA146),"") -> 0
A147: 1C24TUV | B147: {=INDEX('HD cty 2024'!B:B,MATCH('F0, F1, F2, ...'!$C147,'HD cty 2024'!B:B,0))} -> #N/A | C147: 182 | D147: 45405 | E147: 138674420 | F147: 11093954 | G147: 149768374 | H147: 1C25TUV | I147: 00001232 | J147: 45804 | K147: 19041321 | L147: 1523306 | M147: 20564627 | Z147: 157715741 | AA147: 12617260 | AB147: 170333001 | AD147: Đảo khoản 1C25TUV/00001232; tham chiếu gốc 1C24TUV/00000182 | AG147: -19041321 | AH147: -1523306 | AI147: -20564627 | AJ147: Giảm toàn bộ gốc: 1C24TUV/00000182 | AM147: -138674420 | AN147: -11093954 | AO147: -149768374 | BB147: =IF(AND(ISNUMBER(Z147),COUNT(AG147,AM147,AS147,AY147)=2),Z147+SUM(AG147,AM147,AS147,AY147),"") -> 0 | BC147: =IF(AND(ISNUMBER(AA147),COUNT(AH147,AN147,AT147,AZ147)=2),AA147+SUM(AH147,AN147,AT147,AZ147),"") -> 0 | BD147: =IF(AND(ISNUMBER(AB147),COUNT(AI147,AO147,AU147,BA147)=2),AB147+SUM(AI147,AO147,AU147,BA147),"") -> 0
A148: 1C24TUV | B148: {=INDEX('HD cty 2024'!B:B,MATCH('F0, F1, F2, ...'!$C148,'HD cty 2024'!B:B,0))} -> #N/A | C148: 187 | D148: 45408 | E148: 26098462 | F148: 2087877 | G148: 28186339 | H148: 1C25TUV | I148: 00002600 | J148: 45808 | K148: 1835797 | L148: 146864 | M148: 1982661 | Z148: 27934259 | AA148: 2234741 | AB148: 30169000 | AD148: Đảo khoản 1C25TUV/00002600; tham chiếu gốc 1C24TUV/00000187 | AG148: -1835797 | AH148: -146864 | AI148: -1982661 | AJ148: Giảm toàn bộ gốc: 1C24TUV/00000187 | AM148: -26098462 | AN148: -2087877 | AO148: -28186339 | BB148: =IF(AND(ISNUMBER(Z148),COUNT(AG148,AM148,AS148,AY148)=2),Z148+SUM(AG148,AM148,AS148,AY148),"") -> 0 | BC148: =IF(AND(ISNUMBER(AA148),COUNT(AH148,AN148,AT148,AZ148)=2),AA148+SUM(AH148,AN148,AT148,AZ148),"") -> 0 | BD148: =IF(AND(ISNUMBER(AB148),COUNT(AI148,AO148,AU148,BA148)=2),AB148+SUM(AI148,AO148,AU148,BA148),"") -> 0
A149: 1C24TUV | B149: {=INDEX('HD cty 2024'!B:B,MATCH('F0, F1, F2, ...'!$C149,'HD cty 2024'!B:B,0))} -> #N/A | C149: 193 | D149: 45412 | E149: 4436918 | F149: 354953 | G149: 4791871 | H149: 1C25TUV | I149: 00002324 | J149: 45807 | K149: -100880 | L149: -8070 | M149: -108950 | Z149: 4336038 | AA149: 346883 | AB149: 4682921 | AD149: Đảo khoản 1C25TUV/00002324; tham chiếu gốc 1C24TUV/00000193 | AG149: 100880 | AH149: 8070 | AI149: 108950 | AJ149: Giảm toàn bộ gốc: 1C24TUV/00000193 | AM149: -4436918 | AN149: -354953 | AO149: -4791871 | BB149: =IF(AND(ISNUMBER(Z149),COUNT(AG149,AM149,AS149,AY149)=2),Z149+SUM(AG149,AM149,AS149,AY149),"") -> 0 | BC149: =IF(AND(ISNUMBER(AA149),COUNT(AH149,AN149,AT149,AZ149)=2),AA149+SUM(AH149,AN149,AT149,AZ149),"") -> 0 | BD149: =IF(AND(ISNUMBER(AB149),COUNT(AI149,AO149,AU149,BA149)=2),AB149+SUM(AI149,AO149,AU149,BA149),"") -> 0
A150: 1C24TUV | B150: {=INDEX('HD cty 2024'!B:B,MATCH('F0, F1, F2, ...'!$C150,'HD cty 2024'!B:B,0))} -> #N/A | C150: 194 | D150: 45412 | E150: 26868424 | F150: 2149474 | G150: 29017898 | H150: 1C25TUV | I150: 00001233 | J150: 45804 | K150: 3999169 | L150: 319934 | M150: 4319103 | Z150: 30867593 | AA150: 2469408 | AB150: 33337001 | AD150: Đảo khoản 1C25TUV/00001233; tham chiếu gốc 1C24TUV/00000194 | AG150: -3999169 | AH150: -319934 | AI150: -4319103 | AJ150: Giảm toàn bộ gốc: 1C24TUV/00000194 | AM150: -26868424 | AN150: -2149474 | AO150: -29017898 | BB150: =IF(AND(ISNUMBER(Z150),COUNT(AG150,AM150,AS150,AY150)=2),Z150+SUM(AG150,AM150,AS150,AY150),"") -> 0 | BC150: =IF(AND(ISNUMBER(AA150),COUNT(AH150,AN150,AT150,AZ150)=2),AA150+SUM(AH150,AN150,AT150,AZ150),"") -> 0 | BD150: =IF(AND(ISNUMBER(AB150),COUNT(AI150,AO150,AU150,BA150)=2),AB150+SUM(AI150,AO150,AU150,BA150),"") -> 0
A151: 1C24TUV | B151: {=INDEX('HD cty 2024'!B:B,MATCH('F0, F1, F2, ...'!$C151,'HD cty 2024'!B:B,0))} -> #N/A | C151: 195 | D151: 45412 | E151: 3058565 | F151: 244685 | G151: 3303250 | H151: 1C25TUV | I151: 00002644 | J151: 45808 | K151: 321065 | L151: 25685 | M151: 346750 | Z151: 3379630 | AA151: 270370 | AB151: 3650000 | AD151: Đảo khoản 1C25TUV/00002644; tham chiếu gốc 1C24TUV/00000195 | AG151: -321065 | AH151: -25685 | AI151: -346750 | AJ151: Giảm toàn bộ gốc: 1C24TUV/00000195 | AM151: -3058565 | AN151: -244685 | AO151: -3303250 | BB151: =IF(AND(ISNUMBER(Z151),COUNT(AG151,AM151,AS151,AY151)=2),Z151+SUM(AG151,AM151,AS151,AY151),"") -> 0 | BC151: =IF(AND(ISNUMBER(AA151),COUNT(AH151,AN151,AT151,AZ151)=2),AA151+SUM(AH151,AN151,AT151,AZ151),"") -> 0 | BD151: =IF(AND(ISNUMBER(AB151),COUNT(AI151,AO151,AU151,BA151)=2),AB151+SUM(AI151,AO151,AU151,BA151),"") -> 0
... A176: 1C24TUV | B176: {=INDEX('HD cty 2024'!B:B,MATCH('F0, F1, F2, ...'!$C176,'HD cty 2024'!B:B,0))} -> #N/A | C176: 224 | D176: 45421 | E176: 30684535 | F176: 2454763 | G176: 33139298 | H176: 1C25TUV | I176: 00001546 | J176: 45805 | K176: 2868243 | L176: 229459 | M176: 3097702 | Z176: 33552778 | AA176: 2684222 | AB176: 36237000 | AD176: Đảo khoản 1C25TUV/00001546; tham chiếu gốc 1C24TUV/00000224 | AG176: -2868243 | AH176: -229459 | AI176: -3097702 | AJ176: Giảm toàn bộ gốc: 1C24TUV/00000224 | AM176: -30684535 | AN176: -2454763 | AO176: -33139298 | BB176: =IF(AND(ISNUMBER(Z176),COUNT(AG176,AM176,AS176,AY176)=2),Z176+SUM(AG176,AM176,AS176,AY176),"") -> 0 | BC176: =IF(AND(ISNUMBER(AA176),COUNT(AH176,AN176,AT176,AZ176)=2),AA176+SUM(AH176,AN176,AT176,AZ176),"") -> 0 | BD176: =IF(AND(ISNUMBER(AB176),COUNT(AI176,AO176,AU176,BA176)=2),AB176+SUM(AI176,AO176,AU176,BA176),"") -> 0
A177: 1C24TUV | B177: {=INDEX('HD cty 2024'!B:B,MATCH('F0, F1, F2, ...'!$C177,'HD cty 2024'!B:B,0))} -> #N/A | C177: 225 | D177: 45421 | E177: 3062962 | F177: 245037 | G177: 3307999 | H177: 1C25TUV | I177: 00002618 | J177: 45808 | K177: -3062962 | L177: -245037 | M177: -3307999 | Z177: 0 | AA177: 0 | AB177: 0 | AC177: Rà 237 chuỗi: F0–F3 đã cộng dồn 0. Gốc có 1 dòng chi tiết: 1 dòng thành tiền khác 0, 0 dòng bằng 0, 0 dòng thiếu thành tiền. Có chi tiết bán; không đánh dấu khuyến mãi theo quy tắc thành tiền = 0. Cờ KM nguyên bản: 0/1 dòng có giá trị. Nguồn: Bang_ke_chi_tiet_HD_da_su_dung_2024.xls | dòng 28546.; Rà điều chỉnh cũ: 1C25TUV/00002618: chỉ điều chỉnh khoản tổng, 1 dòng; SL/đơn giá đều 0 hoặc trống, không ghi lại từng hàng gốc; tiền chi tiết khác bảng tổng (Bang_ke_chi_tiet_HD_da_su_dung_2025.xls dòng 12042). Chuỗi bằng 0 ở bảng tổng không chứng minh đã giảm chi tiết hàng. | AD177: Đảo khoản 1C25TUV/00002618; tham chiếu gốc 1C24TUV/00000225 (đã chốt theo XML) | AF177: 46304 | AG177: 3062962 | AH177: 245037 | AI177: 3307999 | AJ177: Giảm toàn bộ chi tiết gốc 1C24TUV/00000225 (đã chốt làm lại) | AL177: 46304 | AM177: -3062962 | AN177: -245037 | AO177: -3307999 | BB177: =IF(AND(ISNUMBER(Z177),COUNT(AG177,AM177,AS177,AY177)=2),Z177+SUM(AG177,AM177,AS177,AY177),"") -> 0 | BC177: =IF(AND(ISNUMBER(AA177),COUNT(AH177,AN177,AT177,AZ177)=2),AA177+SUM(AH177,AN177,AT177,AZ177),"") -> 0 | BD177: =IF(AND(ISNUMBER(AB177),COUNT(AI177,AO177,AU177,BA177)=2),AB177+SUM(AI177,AO177,AU177,BA177),"") -> 0
A178: 1C24TUV | B178: {=INDEX('HD cty 2024'!B:B,MATCH('F0, F1, F2, ...'!$C178,'HD cty 2024'!B:B,0))} -> #N/A | C178: 226 | D178: 45421 | E178: 4887629 | F178: 391010 | G178: 5278639 | H178: 1C25TUV | I178: 00002327 | J178: 45807 | K178: 79897 | L178: 6392 | M178: 86289 | Z178: 4967526 | AA178: 397402 | AB178: 5364928 | AD178: Đảo khoản 1C25TUV/00002327; tham chiếu gốc 1C24TUV/00000226 | AG178: -79897 | AH178: -6392 | AI178: -86289 | AJ178: Giảm toàn bộ gốc: 1C24TUV/00000226 | AM178: -4887629 | AN178: -391010 | AO178: -5278639 | BB178: =IF(AND(ISNUMBER(Z178),COUNT(AG178,AM178,AS178,AY178)=2),Z178+SUM(AG178,AM178,AS178,AY178),"") -> 0 | BC178: =IF(AND(ISNUMBER(AA178),COUNT(AH178,AN178,AT178,AZ178)=2),AA178+SUM(AH178,AN178,AT178,AZ178),"") -> 0 | BD178: =IF(AND(ISNUMBER(AB178),COUNT(AI178,AO178,AU178,BA178)=2),AB178+SUM(AI178,AO178,AU178,BA178),"") -> 0
A179: 1C24TUV | B179: {=INDEX('HD cty 2024'!B:B,MATCH('F0, F1, F2, ...'!$C179,'HD cty 2024'!B:B,0))} -> #N/A | C179: 227 | D179: 45425 | E179: 38772521 | F179: 3101802 | G179: 41874323 | H179: 1C25TUV | I179: 00001547 | J179: 45805 | K179: 3155257 | L179: 252421 | M179: 3407678 | Z179: 41927778 | AA179: 3354223 | AB179: 45282001 | AD179: Đảo khoản 1C25TUV/00001547; tham chiếu gốc 1C24TUV/00000227 | AG179: -3155257 | AH179: -252421 | AI179: -3407678 | AJ179: Giảm toàn bộ gốc: 1C24TUV/00000227 | AM179: -38772521 | AN179: -3101802 | AO179: -41874323 | BB179: =IF(AND(ISNUMBER(Z179),COUNT(AG179,AM179,AS179,AY179)=2),Z179+SUM(AG179,AM179,AS179,AY179),"") -> 0 | BC179: =IF(AND(ISNUMBER(AA179),COUNT(AH179,AN179,AT179,AZ179)=2),AA179+SUM(AH179,AN179,AT179,AZ179),"") -> 0 | BD179: =IF(AND(ISNUMBER(AB179),COUNT(AI179,AO179,AU179,BA179)=2),AB179+SUM(AI179,AO179,AU179,BA179),"") -> 0
A180: 1C24TUV | B180: {=INDEX('HD cty 2024'!B:B,MATCH('F0, F1, F2, ...'!$C180,'HD cty 2024'!B:B,0))} -> #N/A | C180: 228 | D180: 45425 | E180: 10131221 | F180: 810498 | G180: 10941719 | H180: 1C25TUV | I180: 00002619 | J180: 45808 | K180: -589554 | L180: -47164 | M180: -636719 | N180: 1C25TUV | O180: 00002646 | P180: 45808 | Q180: 1718981 | R180: 137518 | S180: 1856499 | Z180: 11260648 | AA180: 900852 | AB180: 12161499 | AC180: Đã chốt kế toán 11/10/2026. Đảo từng chỉ tiêu đúng số trên XML đã phát hành của mọi điều chỉnh cũ trong chuỗi, giữ nguyên độ lớn; đồng thời chuẩn bị giảm đủ chi tiết hóa đơn gốc. Số đảo giữ lệch tổng tiền đã phát hành; cần kiểm tra khả năng nhập trên phần mềm. | AD180: Đảo điều chỉnh cũ: 1C25TUV/00002619 — STT import 2001 | AF180: 46307 | AG180: 589554 | AH180: 47164 | AI180: 636719 | AJ180: Đảo điều chỉnh cũ: 1C25TUV/00002646 — STT import 2002 | AL180: 46307 | AM180: -1718981 | AN180: -137518 | AO180: -1856499 | AP180: Giảm hóa đơn gốc: 1C24TUV/00000228 — STT import 2003 | AR180: 46307 | AS180: -10131221 | AT180: -810498 | AU180: -10941719 | BB180: =IF(AND(ISNUMBER(Z180),COUNT(AG180,AM180,AS180,AY180)=3),Z180+SUM(AG180,AM180,AS180,AY180),"") -> 0 | BC180: =IF(AND(ISNUMBER(AA180),COUNT(AH180,AN180,AT180,AZ180)=3),AA180+SUM(AH180,AN180,AT180,AZ180),"") -> 0 | BD180: =IF(AND(ISNUMBER(AB180),COUNT(AI180,AO180,AU180,BA180)=3),AB180+SUM(AI180,AO180,AU180,BA180),"") -> 0
A181: 1C24TUV | B181: {=INDEX('HD cty 2024'!B:B,MATCH('F0, F1, F2, ...'!$C181,'HD cty 2024'!B:B,0))} -> #N/A | C181: 229 | D181: 45425 | E181: 4928556 | F181: 394284 | G181: 5322840 | H181: 1C25TUV | I181: 00002328 | J181: 45807 | K181: 238400 | L181: 19072 | M181: 257472 | Z181: 5166956 | AA181: 413356 | AB181: 5580312 | AD181: Đảo khoản 1C25TUV/00002328; tham chiếu gốc 1C24TUV/00000229 | AG181: -238400 | AH181: -19072 | AI181: -257472 | AJ181: Giảm toàn bộ gốc: 1C24TUV/00000229 | AM181: -4928556 | AN181: -394284 | AO181: -5322840 | BB181: =IF(AND(ISNUMBER(Z181),COUNT(AG181,AM181,AS181,AY181)=2),Z181+SUM(AG181,AM181,AS181,AY181),"") -> 0 | BC181: =IF(AND(ISNUMBER(AA181),COUNT(AH181,AN181,AT181,AZ181)=2),AA181+SUM(AH181,AN181,AT181,AZ181),"") -> 0 | BD181: =IF(AND(ISNUMBER(AB181),COUNT(AI181,AO181,AU181,BA181)=2),AB181+SUM(AI181,AO181,AU181,BA181),"") -> 0
A182: 1C24TUV | B182: {=INDEX('HD cty 2024'!B:B,MATCH('F0, F1, F2, ...'!$C182,'HD cty 2024'!B:B,0))} -> #N/A | C182: 230 | D182: 45425 | E182: 153062855 | F182: 12245028 | G182: 165307883 | H182: 1C25TUV | I182: 00001548 | J182: 45805 | K182: 25456589 | L182: 2036527 | M182: 27493116 | Z182: 178519444 | AA182: 14281555 | AB182: 192800999 | AD182: Đảo khoản 1C25TUV/00001548; tham chiếu gốc 1C24TUV/00000230 | AG182: -25456589 | AH182: -2036527 | AI182: -27493116 | AJ182: Giảm toàn bộ gốc: 1C24TUV/00000230 | AM182: -153062855 | AN182: -12245028 | AO182: -165307883 | BB182: =IF(AND(ISNUMBER(Z182),COUNT(AG182,AM182,AS182,AY182)=2),Z182+SUM(AG182,AM182,AS182,AY182),"") -> 0 | BC182: =IF(AND(ISNUMBER(AA182),COUNT(AH182,AN182,AT182,AZ182)=2),AA182+SUM(AH182,AN182,AT182,AZ182),"") -> 0 | BD182: =IF(AND(ISNUMBER(AB182),COUNT(AI182,AO182,AU182,BA182)=2),AB182+SUM(AI182,AO182,AU182,BA182),"") -> 0
A183: 1C24TUV | B183: {=INDEX('HD cty 2024'!B:B,MATCH('F0, F1, F2, ...'!$C183,'HD cty 2024'!B:B,0))} -> #N/A | C183: 231 | D183: 45425 | E183: 7964629 | F183: 637170 | G183: 8601799 | H183: 1C25TUV | I183: 00001561 | J183: 45805 | K183: -1216018 | L183: -97281 | M183: -1313299 | Z183: 6748611 | AA183: 539889 | AB183: 7288500 | AD183: Đảo khoản 1C25TUV/00001561; tham chiếu gốc 1C24TUV/00000231 | AG183: 1216018 | AH183: 97281 | AI183: 1313299 | AJ183: Giảm toàn bộ gốc: 1C24TUV/00000231 | AM183: -7964629 | AN183: -637170 | AO183: -8601799 | BB183: =IF(AND(ISNUMBER(Z183),COUNT(AG183,AM183,AS183,AY183)=2),Z183+SUM(AG183,AM183,AS183,AY183),"") -> 0 | BC183: =IF(AND(ISNUMBER(AA183),COUNT(AH183,AN183,AT183,AZ183)=2),AA183+SUM(AH183,AN183,AT183,AZ183),"") -> 0 | BD183: =IF(AND(ISNUMBER(AB183),COUNT(AI183,AO183,AU183,BA183)=2),AB183+SUM(AI183,AO183,AU183,BA183),"") -> 0
A184: 1C24TUV | B184: {=INDEX('HD cty 2024'!B:B,MATCH('F0, F1, F2, ...'!$C184,'HD cty 2024'!B:B,0))} -> #N/A | C184: 232 | D184: 45425 | E184: 50452525 | F184: 4036202 | G184: 54488727 | H184: 1C25TUV | I184: 00001549 | J184: 45805 | K184: 5815994 | L184: 465280 | M184: 6281274 | Z184: 56268519 | AA184: 4501482 | AB184: 60770001 | AD184: Đảo khoản 1C25TUV/00001549; tham chiếu gốc 1C24TUV/00000232 | AG184: -5815994 | AH184: -465280 | AI184: -6281274 | AJ184: Giảm toàn bộ gốc: 1C24TUV/00000232 | AM184: -50452525 | AN184: -4036202 | AO184: -54488727 | BB184: =IF(AND(ISNUMBER(Z184),COUNT(AG184,AM184,AS184,AY184)=2),Z184+SUM(AG184,AM184,AS184,AY184),"") -> 0 | BC184: =IF(AND(ISNUMBER(AA184),COUNT(AH184,AN184,AT184,AZ184)=2),AA184+SUM(AH184,AN184,AT184,AZ184),"") -> 0 | BD184: =IF(AND(ISNUMBER(AB184),COUNT(AI184,AO184,AU184,BA184)=2),AB184+SUM(AI184,AO184,AU184,BA184),"") -> 0
A185: 1C24TUV | B185: {=INDEX('HD cty 2024'!B:B,MATCH('F0, F1, F2, ...'!$C185,'HD cty 2024'!B:B,0))} -> #N/A | C185: 233 | D185: 45425 | E185: 36584510 | F185: 2926761 | G185: 39511271 | H185: 1C25TUV | I185: 00001550 | J185: 45805 | K185: 1948823 | L185: 155906 | M185: 2104729 | Z185: 38533333 | AA185: 3082667 | AB185: 41616000 | AD185: Đảo khoản 1C25TUV/00001550; tham chiếu gốc 1C24TUV/00000233 | AG185: -1948823 | AH185: -155906 | AI185: -2104729 | AJ185: Giảm toàn bộ gốc: 1C24TUV/00000233 | AM185: -36584510 | AN185: -2926761 | AO185: -39511271 | BB185: =IF(AND(ISNUMBER(Z185),COUNT(AG185,AM185,AS185,AY185)=2),Z185+SUM(AG185,AM185,AS185,AY185),"") -> 0 | BC185: =IF(AND(ISNUMBER(AA185),COUNT(AH185,AN185,AT185,AZ185)=2),AA185+SUM(AH185,AN185,AT185,AZ185),"") -> 0 | BD185: =IF(AND(ISNUMBER(AB185),COUNT(AI185,AO185,AU185,BA185)=2),AB185+SUM(AI185,AO185,AU185,BA185),"") -> 0
...

Sheet Ngoai le
A1: Thông tin người mua | C1: F0 — Hóa đơn gốc | I1: F1 — Hóa đơn liên quan | O1: F2 — Hóa đơn liên quan | U1: Giá trị cộng dồn và kiểm tra
A2: Tên người mua | B2: MST/CCCD chủ hộ nguyên bản | C2: Ký hiệu | D2: Số hóa đơn | E2: Ngày | F2: Tiền hàng | G2: Thuế | H2: Thanh toán | I2: Ký hiệu sửa 1 | J2: Số hóa đơn sửa 1 | K2: Ngày sửa 1 | L2: Tiền hàng sửa 1 | M2: Thuế sửa 1 | N2: Thanh toán sửa 1 | O2: Ký hiệu sửa 2 | P2: Số hóa đơn sửa 2 | Q2: Ngày sửa 2 | R2: Tiền hàng sửa 2 | S2: Thuế sửa 2 | T2: Thanh toán sửa 2 | U2: Cộng dồn tiền hàng | V2: Cộng dồn thuế | W2: Cộng dồn thanh toán | X2: Cần kiểm tra
A3: CÔNG TY TNHH GIA SƯ ETEACHER | B3: 0314215951 | C3: 1C24TUV | D3: 1 | E3: 45300 | F3: 1464200 | G3: 117136 | H3: 1581336 | U3: 1464200 | V3: 117136 | W3: 1581336
A4: CÔNG TY TNHH QUỐC TẾ SYNEX | B4: 0316328904 | C4: 1C24TUV | D4: 2 | E4: 45300 | F4: 2870093 | G4: 229607 | H4: 3099700 | U4: 2870093 | V4: 229607 | W4: 3099700
A5: CÔNG TY TNHH ĐẦU TƯ VÀ THIẾT KẾ XÂY DỰNG K.E.C | B5: 0318152318 | C5: 1C24TUV | D5: 21 | E5: 45308 | F5: 2546296 | G5: 203704 | H5: 2750000 | U5: 2546296 | V5: 203704 | W5: 2750000
A6: CÔNG TY TNHH THIẾT BỊ CÔNG NGHỆ QUỐC ANH | B6: 0107470865 | C6: 1C24TUV | D6: 22 | E6: 45315 | F6: 1793889 | G6: 143511 | H6: 1937400 | U6: 1793889 | V6: 143511 | W6: 1937400
A7: CÔNG TY TNHH THƯƠNG MẠI DỊCH VỤ GIA DỤNG THANH VÂN | B7: 0318074892 | C7: 1C24TUV | D7: 23 | E7: 45315 | F7: 3099556 | G7: 247964 | H7: 3347520 | I7: 1C25TUV | J7: 00000787 | K7: 45801 | L7: 422666 | M7: 33813 | N7: 456479 | U7: 3522222 | V7: 281777 | W7: 3803999
A8: CÔNG TY BẢO HIỂM PVI PHÍA NAM | B8: 0105402531-025 | C8: 1C24TUV | D8: 28 | E8: 45318 | F8: 2282500 | G8: 182600 | H8: 2465100 | I8: 1C25TUV | J8: 00000790 | K8: 45801 | L8: 253611 | M8: 20289 | N8: 273900 | U8: 2536111 | V8: 202889 | W8: 2739000
A9: CÔNG TY CỔ PHẦN XÂY DỰNG VÀ NỘI THẤT PHÚ MINH | B9: 0106357063 | C9: 1C24TUV | D9: 60 | E9: 45328 | F9: 2320785 | G9: 185663 | H9: 2506448 | I9: 1C24TUV | J9: 00000061 | K9: 45328 | L9: 2383944 | M9: 190716 | N9: 2574660 | O9: 1C25TUV | P9: 00002605 | Q9: 45808 | R9: 2536111 | S9: 202889 | T9: 2739000 | U9: 2536111 | V9: 202889 | W9: 2739000 | X9: 1C24TUV/00000060 có bản thay thế trong kỳ; không cộng bản bị thay thế; 1C24TUV/00000061 có bản thay thế trong kỳ; không cộng bản bị thay thế
A10: CÔNG TY CỔ PHẦN DỊCH VỤ LOGISTICS DẦU KHÍ VIỆT NAM | B10: 0311523789 | C10: 1C24TUV | D10: 62 | E10: 45342 | F10: 2462963 | G10: 197037 | H10: 2660000 | U10: 2462963 | V10: 197037 | W10: 2660000
A11: CÔNG TY CỔ PHẦN DỊCH VỤ LOGISTICS DẦU KHÍ VIỆT NAM | B11: 0311523789 | C11: 1C24TUV | D11: 63 | E11: 45342 | F11: 0 | G11: 0 | U11: 0 | V11: 0 | X11: 1C24TUV/00000063 có ô tiền bảng tổng trống; không tự điền 0
A12: CÔNG TY TNHH CƠ KHÍ XÂY DỰNG ANH ĐẠT | B12: 0310367287 | C12: 1C24TUV | D12: 64 | E12: 45350 | F12: 2407407 | G12: 192593 | H12: 2600000 | I12: 1C25TUV | J12: 00002609 | K12: 45808 | L12: -482407 | M12: -38593 | N12: -521000 | O12: 1C25TUV | P12: 00009375 | Q12: 45838 | R12: 482407 | S12: 38593 | T12: 521000 | U12: 2407407 | V12: 192593 | W12: 2600000
A13: CÔNG TY TNHH SẢN XUẤT VÀ ĐẦU TƯ AKIA | B13: 0315793560 | C13: 1C24TUV | D13: 110 | E13: 45366 | F13: 1574074 | G13: 125926 | H13: 1700000 | U13: 1574074 | V13: 125926 | W13: 1700000
A14: CÔNG TY TNHH SẢN XUẤT VÀ ĐẦU TƯ AKIA | B14: 0315793560 | C14: 1C24TUV | D14: 111 | E14: 45366 | F14: 3888889 | G14: 311111 | H14: 4200000 | U14: 3888889 | V14: 311111 | W14: 4200000
A15: CÔNG TY TNHH SPECTOS ASIA | B15: 0102970529 | C15: 1C24TUV | D15: 112 | E15: 45370 | F15: 2554074 | G15: 204326 | H15: 2758400 | U15: 2554074 | V15: 204326 | W15: 2758400
A16: CÔNG TY TNHH SẢN XUẤT VÀ ĐẦU TƯ AKIA | B16: 0315793560 | C16: 1C24TUV | D16: 113 | E16: 45371 | F16: 1851852 | G16: 148148 | H16: 2000000 | U16: 1851852 | V16: 148148 | W16: 2000000
A17: CÔNG TY TNHH THƯƠNG MẠI SẢN XUẤT XÂY DỰNG VÀ XUẤT NHẬP KHẨU GỖ KHÁNH THY | B17: 0317658951 | C17: 1C24TUV | D17: 122 | E17: 45379 | F17: 811111 | G17: 64889 | H17: 876000 | I17: 1C25TUV | J17: 00002611 | K17: 45808 | L17: 76852 | M17: 6148 | N17: 83000 | O17: 1C25TUV | P17: 00009436 | Q17: 45838 | R17: -76852 | S17: -6148 | T17: -83000 | U17: 811111 | V17: 64889 | W17: 876000
A18: CÔNG TY CỔ PHẦN ĐẦU TƯ XÂY DỰNG SOL E&C | B18: 0313541575 | C18: 1C24TUV | D18: 123 | E18: 45379 | F18: 1462037 | G18: 116963 | H18: 1579000 | I18: 1C25TUV | J18: 00001160 | K18: 45803 | L18: 370370 | M18: 29630 | N18: 400000 | U18: 1832407 | V18: 146593 | W18: 1979000
A19: CHI NHÁNH CÔNG TY TNHH MỘT THÀNH VIÊN KHÁCH SẠN AZUMAYA | B19: 0309489918-003 | C19: 1C24TUV | D19: 124 | E19: 45381 | F19: 4444444 | G19: 355556 | H19: 4800000 | U19: 4444444 | V19: 355556 | W19: 4800000
A20: CHI NHÁNH THÁI VĂN LUNG 2 - CÔNG TY TNHH MỘT THÀNH VIÊN KHÁCH SẠN AZUMAYA | B20: 0309489918-006 | C20: 1C24TUV | D20: 125 | E20: 45381 | F20: 10370370 | G20: 829630 | H20: 11200000 | U20: 10370370 | V20: 829630 | W20: 11200000
A21: CHI NHÁNH THÁI VĂN LUNG 2 - CÔNG TY TNHH MỘT THÀNH VIÊN KHÁCH SẠN AZUMAYA | B21: 0309489918-006 | C21: 1C24TUV | D21: 127 | E21: 45382 | F21: 8888889 | G21: 711111 | H21: 9600000 | U21: 8888889 | V21: 711111 | W21: 9600000
A22: CÔNG TY TNHH MỘT THÀNH VIÊN KHÁCH SẠN AZUMAYA | B22: 0309489918 | C22: 1C24TUV | D22: 132 | E22: 45387 | F22: 16296296 | G22: 1303704 | H22: 17600000 | U22: 16296296 | V22: 1303704 | W22: 17600000
A23: CÔNG TY TNHH MỘT THÀNH VIÊN KHÁCH SẠN AZUMAYA | B23: 0309489918 | C23: 1C24TUV | D23: 135 | E23: 45388 | F23: 10555556 | G23: 844444 | H23: 11400000 | U23: 10555556 | V23: 844444 | W23: 11400000
A24: CÔNG TY TNHH NHIÊN HOUSE | B24: 0316160754 | C24: 1C24TUV | D24: 162 | E24: 45391 | F24: 1151111 | G24: 92089 | H24: 1243200 | I24: 1C25TUV | J24: 00001223 | K24: 45804 | L24: 493333 | M24: 39467 | N24: 532800 | U24: 1644444 | V24: 131556 | W24: 1776000
A25: CÔNG TY CỔ PHẦN NTQ SOLUTION | B25: 0105355296 | C25: 1C24TUV | D25: 163 | E25: 45391 | F25: 1229556 | G25: 98364 | H25: 1327920 | U25: 1229556 | V25: 98364 | W25: 1327920
A26: CÔNG TY CỔ PHẦN MAJOR EDUCATION | B26: 0310596706 | C26: 1C24TUV | D26: 164 | E26: 45392 | F26: 1795370 | G26: 143630 | H26: 1939000 | U26: 1795370 | V26: 143630 | W26: 1939000
A27: HỘ KINH DOANH CỬA HÀNG DỤNG CỤ Y TẾ KHÁNH VIỄN | B27: 8127675505-001 | C27: 1C24TUV | D27: 169 | E27: 45397 | F27: 13430556 | G27: 1074444 | H27: 14505000 | U27: 13430556 | V27: 1074444 | W27: 14505000
A28: CÔNG TY TNHH THỔ KIM PHÁT | B28: 0110490847 | C28: 1C24TUV | D28: 170 | E28: 45402 | F28: 2420370 | G28: 193630 | H28: 2614000 | I28: 1C25TUV | J28: 00002615 | K28: 45808 | L28: 41667 | M28: 3333 | N28: 45000 | U28: 2462037 | V28: 196963 | W28: 2659000
A29: CÔNG TY CỔ PHẦN QUẢNG CÁO VÀ THƯƠNG MẠI GSOLUTION | B29: 0311950572 | C29: 1C24TUV | D29: 175 | E29: 45404 | F29: 78703704 | G29: 6296296 | H29: 85000000 | U29: 78703704 | V29: 6296296 | W29: 85000000
A30: CÔNG TY TNHH DRACO LOGISTICS VIỆT NAM | B30: 0318228694 | C30: 1C24TUV | D30: 183 | E30: 45407 | F30: 1600926 | G30: 128074 | H30: 1729000 | I30: 1C25TUV | J30: 00002616 | K30: 45808 | L30: 69444 | M30: 5556 | N30: 75000 | U30: 1670370 | V30: 133630 | W30: 1804000
A31: CÔNG TY TNHH MỘT THÀNH VIÊN THƯƠNG MẠI TƯ VẤN XÂY DỰNG MỸ HÒA | B31: 1702245926 | C31: 1C24TUV | D31: 185 | E31: 45408 | F31: 29274044 | G31: 2341924 | H31: 31615968 | U31: 29274044 | V31: 2341924 | W31: 31615968
A32: CÔNG TY CỔ PHẦN THƯƠNG MẠI VÀ DỊCH VỤ SAGEN | B32: 0313342918 | C32: 1C24TUV | D32: 218 | E32: 45415 | F32: 8674074 | G32: 693926 | H32: 9368000 | I32: 1C25TUV | J32: 00001560 | K32: 45805 | L32: -206481 | M32: -16518 | N32: -222999 | U32: 8467593 | V32: 677408 | W32: 9145001
A33: CÔNG TY TNHH TRUYỀN THÔNG VÀ SỰ KIỆN CARPE DIEM | B33: 0318166409 | C33: 1C24TUV | D33: 219 | E33: 45419 | F33: 1857407 | G33: 148593 | H33: 2006000 | I33: 1C25TUV | J33: 00001543 | K33: 45805 | L33: 327778 | M33: 26222 | N33: 354000 | U33: 2185185 | V33: 174815 | W33: 2360000
A34: CÔNG TY TNHH TRUYỀN THÔNG VÀ SỰ KIỆN CARPE DIEM | B34: 0318166409 | C34: 1C24TUV | D34: 220 | E34: 45419 | F34: 1649167 | G34: 131933 | H34: 1781100 | I34: 1C25TUV | J34: 00001544 | K34: 45805 | L34: 183240 | M34: 14659 | N34: 197899 | U34: 1832407 | V34: 146592 | W34: 1978999
A35: CÔNG TY TNHH KMS TECHNOLOGY VIỆT NAM | B35: 0309793900 | C35: 1C24TUV | D35: 234 | E35: 45426 | F35: 817731 | G35: 65418 | H35: 883149 | I35: 1C25TUV | J35: 00001551 | K35: 45805 | L35: 144306 | M35: 11544 | N35: 155850 | U35: 962037 | V35: 76962 | W35: 1038999
A36: CÔNG TY TNHH SẢN XUẤT VÀ ĐẦU TƯ AKIA | B36: 0315793560 | C36: 1C24TUV | D36: 242 | E36: 45435 | F36: 4259259 | G36: 340741 | H36: 4600000 | U36: 4259259 | V36: 340741 | W36: 4600000
A37: CÔNG TY TNHH TRANS MEDIA | B37: 0318387849 | C37: 1C24TUV | D37: 243 | E37: 45439 | F37: 1050000 | G37: 84000 | H37: 1134000 | U37: 1050000 | V37: 84000 | W37: 1134000
A38: CÔNG TY TNHH SẢN XUẤT VÀ ĐẦU TƯ AKIA | B38: 0315793560 | C38: 1C24TUV | D38: 244 | E38: 45439 | F38: 4259259 | G38: 340741 | H38: 4600000 | U38: 4259259 | V38: 340741 | W38: 4600000
A39: CÔNG TY TNHH THƯƠNG MẠI VÀ SẢN XUẤT TÂN VẠN PHÚC | B39: 0301417333 | C39: 1C24TUV | D39: 245 | E39: 45440 | F39: 1591667 | G39: 127333 | H39: 1719000 | I39: 1C25TUV | J39: 00002620 | K39: 45808 | L39: 111111 | M39: 8889 | N39: 120000 | U39: 1702778 | V39: 136222 | W39: 1839000
A40: CÔNG TY TNHH TRUYỀN THÔNG SPY | B40: 0317205768 | C40: 1C24TUV | D40: 267 | E40: 45454 | F40: 1054630 | G40: 84370 | H40: 1139000 | U40: 1054630 | V40: 84370 | W40: 1139000
A41: CÔNG TY TNHH SMALL DUCK VIỆT NAM | B41: 0318279201 | C41: 1C24TUV | D41: 268 | E41: 45454 | F41: 499630 | G41: 39970 | H41: 539600 | I41: 1C25TUV | J41: 00002562 | K41: 45808 | L41: -47778 | M41: -3822 | N41: -51600 | U41: 451852 | V41: 36148 | W41: 488000
A42: CÔNG TY TNHH THƯƠNG MẠI XUẤT NHẬP KHẨU 789 | B42: 0314094707 | C42: 1C24TUV | D42: 289 | E42: 45460 | F42: 2182176 | G42: 174574 | H42: 2356750 | I42: 1C25TUV | J42: 00002565 | K42: 45808 | L42: 359491 | M42: 28759 | N42: 388250 | U42: 2541667 | V42: 203333 | W42: 2745000
A43: CÔNG TY TNHH ANTS MEDIA | B43: 0312276204 | C43: 1C24TUV | D43: 311 | E43: 45464 | F43: 2710741 | G43: 216859 | H43: 2927600 | I43: 1C25TUV | J43: 00002566 | K43: 45808 | L43: -45000 | M43: -3600 | N43: -48600 | U43: 2665741 | V43: 213259 | W43: 2879000
A44: CÔNG TY CỔ PHẦN ONEIT | B44: 0317770953 | C44: 1C24TUV | D44: 329 | E44: 45470 | F44: 879185 | G44: 70335 | H44: 949520 | I44: 1C25TUV | J44: 00002568 | K44: 45808 | L44: 119889 | M44: 9591 | N44: 129480 | U44: 999074 | V44: 79926 | W44: 1079000
A45: CÔNG TY TNHH THƯƠNG MẠI DỊCH VỤ SMART LIFE VIỆT NAM | B45: 2803071812 | C45: 1C24TUV | D45: 342 | E45: 45476 | F45: 3240741 | G45: 259259 | H45: 3500000 | U45: 3240741 | V45: 259259 | W45: 3500000
A46: CHI NHÁNH HẢI PHÒNG - CÔNG TY TNHH MỘT THÀNH VIÊN KHÁCH SẠN AZUMAYA | B46: 0309489918-009 | C46: 1C24TUV | D46: 344 | E46: 45491 | F46: 8453704 | G46: 676296 | H46: 9130000 | U46: 8453704 | V46: 676296 | W46: 9130000
A47: CHI NHÁNH KIM MÃ 2 - CÔNG TY TNHH MỘT THÀNH VIÊN KHÁCH SẠN AZUMAYA | B47: 0309489918-005 | C47: 1C24TUV | D47: 345 | E47: 45492 | F47: 1475926 | G47: 118074 | H47: 1594000 | U47: 1475926 | V47: 118074 | W47: 1594000
A48: CHI NHÁNH KIM MÃ 3 - CÔNG TY TNHH MỘT THÀNH VIÊN KHÁCH SẠN AZUMAYA | B48: 0309489918-010 | C48: 1C24TUV | D48: 346 | E48: 45492 | F48: 26566667 | G48: 2125333 | H48: 28692000 | U48: 26566667 | V48: 2125333 | W48: 28692000
A49: CHI NHÁNH LINH LANG - CÔNG TY TNHH MỘT THÀNH VIÊN KHÁCH SẠN AZUMAYA | B49: 0309489918-008 | C49: 1C24TUV | D49: 347 | E49: 45492 | F49: 30994444 | G49: 2479556 | H49: 33474000 | U49: 30994444 | V49: 2479556 | W49: 33474000
A50: CHI NHÁNH HÀ NỘI - CÔNG TY TNHH MỘT THÀNH VIÊN KHÁCH SẠN AZUMAYA | B50: 0309489918-001 | C50: 1C24TUV | D50: 348 | E50: 45492 | F50: 14759259 | G50: 1180741 | H50: 15940000 | U50: 14759259 | V50: 1180741 | W50: 15940000
A51: CÔNG TY TNHH CYBERTOK | B51: 0318358598 | C51: 1C24TUV | D51: 349 | E51: 45492 | F51: 2315833 | G51: 185267 | H51: 2501100 | I51: 1C25TUV | J51: 00002621 | K51: 45808 | L51: 257315 | M51: 20585 | N51: 277900 | U51: 2573148 | V51: 205852 | W51: 2779000
A52: CHI NHÁNH ĐÀ NẴNG - CÔNG TY TNHH MỘT THÀNH VIÊN KHÁCH SẠN AZUMAYA | B52: 0309489918-004 | C52: 1C24TUV | D52: 359 | E52: 45497 | F52: 4361111 | G52: 348889 | H52: 4710000 | U52: 4361111 | V52: 348889 | W52: 4710000
A53: CÔNG TY TNHH THƯƠNG MẠI - XÂY DỰNG - CƠ ĐIỆN THỦY TIẾN | B53: 3401241946 | C53: 1C24TUV | D53: 360 | E53: 45502 | F53: 1971296 | G53: 157704 | H53: 2129000 | U53: 1971296 | V53: 157704 | W53: 2129000
A54: NGÂN HÀNG THƯƠNG MẠI CỔ PHẦN QUÂN ĐỘI | B54: 0100283873 | C54: 1C24TUV | D54: 378 | E54: 45511 | F54: 2295370 | G54: 183630 | H54: 2479000 | U54: 2295370 | V54: 183630 | W54: 2479000
A55: CÔNG TY CỔ PHẦN XÂY DỰNG PHỤC HƯNG HOLDINGS | B55: 0101311315 | C55: 1C24TUV | D55: 379 | E55: 45516 | F55: 1447361 | G55: 115789 | H55: 1563150 | I55: 1C25TUV | J55: 00002570 | K55: 45808 | L55: 255417 | M55: 20433 | N55: 275850 | U55: 1702778 | V55: 136222 | W55: 1839000
A56: CÔNG TY TNHH ĐẦU TƯ XÂY DỰNG KIẾN TRÚC NHÀ NHIỆT ĐỚI | B56: 0314382550 | C56: 1C24TUV | D56: 380 | E56: 45516 | F56: 1505556 | G56: 120444 | H56: 1626000 | I56: 1C25TUV | J56: 00002622 | K56: 45808 | L56: 157777 | M56: 12622 | N56: 170399 | U56: 1663333 | V56: 133066 | W56: 1796399
A57: CÔNG TY TNHH VẬT LIỆU BAO BÌ QUỐC ĐẰNG | B57: 3702974471 | C57: 1C24TUV | D57: 386 | E57: 45519 | F57: 3032500 | G57: 242600 | H57: 3275100 | I57: 1C25TUV | J57: 00002623 | K57: 45808 | L57: 373981 | M57: 29918 | N57: 403899 | U57: 3406481 | V57: 272518 | W57: 3678999
A58: CHI NHÁNH CÔNG TY TNHH THƯƠNG MẠI DƯỢC PHẨM ĐÔNG Á | B58: 0100274124-003 | C58: 1C24TUV | D58: 387 | E58: 45524 | F58: 72618000 | G58: 5809440 | H58: 78427440 | U58: 72618000 | V58: 5809440 | W58: 78427440
A59: CÔNG TY TNHH ICAPITAL | B59: 0109602644 | C59: 1C24TUV | D59: 392 | E59: 45525 | F59: 670185 | G59: 53615 | H59: 723800 | U59: 670185 | V59: 53615 | W59: 723800
A60: CÔNG TY TNHH SẢN XUẤT VÀ ĐẦU TƯ AKIA | B60: 0315793560 | C60: 1C24TUV | D60: 393 | E60: 45525 | F60: 8518519 | G60: 681482 | H60: 9200001 | U60: 8518519 | V60: 681482 | W60: 9200001
A61: CÔNG TY TNHH SẢN XUẤT VÀ ĐẦU TƯ AKIA | B61: 0315793560 | C61: 1C24TUV | D61: 394 | E61: 45525 | F61: 1342593 | G61: 107407 | H61: 1450000 | U61: 1342593 | V61: 107407 | W61: 1450000
A62: CÔNG TY TNHH SẢN XUẤT VÀ THƯƠNG MẠI DAVIMAX | B62: 2300720588 | C62: 1C24TUV | D62: 395 | E62: 45525 | F62: 4981482 | G62: 398519 | H62: 5380001 | U62: 4981482 | V62: 398519 | W62: 5380001
A63: CHI NHÁNH CÔNG TY CỔ PHẦN GIÁO DỤC VÀ GIẢI TRÍ TRẺ THƠ - TRƯỜNG MẦM NON VƯỜN KHÁM PHÁ (SMALL WONDER) QUẬN GÒ VẤP | B63: 0102193093-007 | C63: 1C24TUV | D63: 431 | E63: 45533 | F63: 2264370 | G63: 181150 | H63: 2445520 | I63: 1C25TUV | J63: 00002571 | K63: 45808 | L63: 308778 | M63: 24702 | N63: 333480 | U63: 2573148 | V63: 205852 | W63: 2779000
A64: CÔNG TY TNHH GIẢI TRÍ US | B64: 0316329390 | C64: 1C24TUV | D64: 450 | E64: 45542 | F64: 673426 | G64: 53874 | H64: 727300 | I64: 1C25TUV | J64: 00002572 | K64: 45808 | L64: 288611 | M64: 23089 | N64: 311700 | U64: 962037 | V64: 76963 | W64: 1039000
A65: CÔNG TY TNHH THƯƠNG MẠI DỊCH VỤ HỒ CÁ KOI | B65: 0318439543 | C65: 1C24TUV | D65: 451 | E65: 45542 | F65: 2026852 | G65: 162148 | H65: 2189000 | I65: 1C25TUV | J65: 00002573 | K65: 45808 | L65: 231481 | M65: 18518 | N65: 249999 | U65: 2258333 | V65: 180666 | W65: 2438999
A66: TRƯỜNG TIỂU HỌC, TRUNG HỌC CƠ SỞ VÀ TRUNG HỌC PHỔ THÔNG QUỐC TẾ Á CHÂU | B66: 0310883796 | C66: 1C24TUV | D66: 452 | E66: 45544 | F66: 521111 | G66: 41689 | H66: 562800 | U66: 521111 | V66: 41689 | W66: 562800
A67: CÔNG TY TNHH FLAMINPOP | B67: 0317059605 | C67: 1C24TUV | D67: 453 | E67: 45544 | F67: 1018519 | G67: 81482 | H67: 1100001 | U67: 1018519 | V67: 81482 | W67: 1100001
A68: CÔNG TY TNHH THƯƠNG MẠI TRUNG PHONG | B68: 0314873573 | C68: 1C24TUV | D68: 457 | E68: 45546 | F68: 1967650 | G68: 157412 | H68: 2125062 | I68: 1C25TUV | J68: 00002556 | K68: 45808 | L68: 79757 | M68: 6381 | N68: 86138 | U68: 2047407 | V68: 163793 | W68: 2211200
A69: CÔNG TY CỔ PHẦN WORK FLOW | B69: 0317526049 | C69: 1C24TUV | D69: 458 | E69: 45547 | F69: 27546296 | G69: 2203704 | H69: 29750000 | U69: 27546296 | V69: 2203704 | W69: 29750000
A70: CÔNG TY TNHH SIM SOLUTION | B70: 0316585210 | C70: 1C24TUV | D70: 459 | E70: 45551 | F70: 867870 | G70: 69430 | H70: 937300 | I70: 1C25TUV | J70: 00002574 | K70: 45808 | L70: 371945 | M70: 29756 | N70: 401701 | U70: 1239815 | V70: 99186 | W70: 1339001
A71: CÔNG TY TNHH MINH QUÂN MQB | B71: 0313418500 | C71: 1C24TUV | D71: 460 | E71: 45552 | F71: 1447361 | G71: 115789 | H71: 1563150 | I71: 1C25TUV | J71: 00002625 | K71: 45808 | L71: 255417 | M71: 20433 | N71: 275850 | U71: 1702778 | V71: 136222 | W71: 1839000
A72: CÔNG TY TNHH THƯƠNG MẠI DỊCH VỤ TƯ VẤN ĐẦU TƯ XÂY DỰNG HUY PHÁT | B72: 1801739475 | C72: 1C24TUV | D72: 461 | E72: 45553 | F72: 795370 | G72: 63630 | H72: 859000 | I72: 1C25TUV | J72: 00002626 | K72: 45808 | L72: 166667 | M72: 13333 | N72: 180000 | U72: 962037 | V72: 76963 | W72: 1039000
A73: CÔNG TY TNHH BALOG MEDIA | B73: 0402246807 | C73: 1C24TUV | D73: 463 | E73: 45555 | F73: 2315833 | G73: 185267 | H73: 2501100 | I73: 1C25TUV | J73: 00002575 | K73: 45808 | L73: 257315 | M73: 20585 | N73: 277900 | U73: 2573148 | V73: 205852 | W73: 2779000
A74: CÔNG TY TNHH LEE & SUY VINA | B74: 3700691189 | C74: 1C24TUV | D74: 464 | E74: 45555 | F74: 1801204 | G74: 144096 | H74: 1945300 | I74: 1C25TUV | J74: 00002576 | K74: 45808 | L74: 771944 | M74: 61756 | N74: 833700 | U74: 2573148 | V74: 205852 | W74: 2779000
A75: CÔNG TY TNHH MAI TRÀ | B75: 4101510170 | C75: 1C24TUV | D75: 469 | E75: 45556 | F75: 284537 | G75: 22763 | H75: 307300 | I75: 1C25TUV | J75: 00002577 | K75: 45808 | L75: 121944 | M75: 9756 | N75: 131700 | U75: 406481 | V75: 32519 | W75: 439000
A76: CÔNG TY CỔ PHẦN PHÁT TRIỂN BỀN VỮNG OSHE | B76: 0312183038 | C76: 1C24TUV | D76: 470 | E76: 45559 | F76: 1148074 | G76: 91846 | H76: 1239920 | U76: 1148074 | V76: 91846 | W76: 1239920
A77: CÔNG TY TNHH THƯƠNG MẠI & DỊCH VỤ PHƯƠNG NAM THÀNH | B77: 4001007661 | C77: 1C24TUV | D77: 471 | E77: 45559 | F77: 786111 | G77: 62889 | H77: 849000 | I77: 1C25TUV | J77: 00002627 | K77: 45808 | L77: 138889 | M77: 11111 | N77: 150000 | U77: 925000 | V77: 74000 | W77: 999000
A78: CÔNG TY TNHH XÂY DỰNG MINH KIM ANH | B78: 0317762776 | C78: 1C24TUV | D78: 479 | E78: 45561 | F78: 3405111 | G78: 272409 | H78: 3677520 | I78: 1C25TUV | J78: 00002579 | K78: 45808 | L78: 464333 | M78: 37147 | N78: 501480 | U78: 3869444 | V78: 309556 | W78: 4179000
A79: CÔNG TY TNHH HANJOWON VINA | B79: 1101938588 | C79: 1C24TUV | D79: 501 | E79: 45566 | F79: 147407 | G79: 11793 | H79: 159200 | I79: 1C25TUV | J79: 00002580 | K79: 45808 | L79: 36852 | M79: 2948 | N79: 39800 | U79: 184259 | V79: 14741 | W79: 199000
A80: CÔNG TY TNHH DỊCH VỤ VIỄN THÔNG TBQ VIỆT NAM | B80: 0108110061 | C80: 1C24TUV | D80: 509 | E80: 45568 | F80: 340000 | G80: 27200 | H80: 367200 | I80: 1C25TUV | J80: 00002581 | K80: 45808 | L80: 85000 | M80: 6800 | N80: 91800 | U80: 425000 | V80: 34000 | W80: 459000
A81: CÔNG TY TNHH XÂY DỰNG VÀ SẢN XUẤT CAO MINH | B81: 0313878152 | C81: 1C24TUV | D81: 510 | E81: 45568 | F81: 2367296 | G81: 189384 | H81: 2556680 | I81: 1C25TUV | J81: 00002582 | K81: 45808 | L81: 205852 | M81: 16468 | N81: 222320 | U81: 2573148 | V81: 205852 | W81: 2779000
A82: CÔNG TY TNHH SẢN XUẤT VÀ THƯƠNG MẠI DAVIMAX | B82: 2300720588 | C82: 1C24TUV | D82: 511 | E82: 45569 | F82: 14444444 | G82: 1155556 | H82: 15600000 | U82: 14444444 | V82: 1155556 | W82: 15600000
A83: CÔNG TY TNHH SẢN XUẤT NAVIS VIỆT NAM | B83: 0318008787 | C83: 1C24TUV | D83: 514 | E83: 45574 | F83: 7738889 | G83: 619111 | H83: 8358000 | U83: 7738889 | V83: 619111 | W83: 8358000
A84: CÔNG TY TNHH TÀI LINH LAND | B84: 6001628711 | C84: 1C24TUV | D84: 515 | E84: 45574 | F84: 2399167 | G84: 191933 | H84: 2591100 | I84: 1C25TUV | J84: 00002583 | K84: 45808 | L84: 266574 | M84: 21326 | N84: 287900 | U84: 2665741 | V84: 213259 | W84: 2879000
A85: CÔNG TY TNHH SX VÀ TMDV ĐỒNG XU KỶ NIỆM ZINO | B85: 0318522093 | C85: 1C24TUV | D85: 516 | E85: 45579 | F85: 2202778 | G85: 176222 | H85: 2379000 | I85: 1C25TUV | J85: 00002628 | K85: 45808 | L85: 370370 | M85: 29630 | N85: 400000 | U85: 2573148 | V85: 205852 | W85: 2779000
A86: CÔNG TY TNHH THIẾT KẾ VÀ THI CÔNG CÔNG TRÌNH AHA HUẾ | B86: 3301719675 | C86: 1C24TUV | D86: 517 | E86: 45579 | F86: 1702778 | G86: 136222 | H86: 1839000 | U86: 1702778 | V86: 136222 | W86: 1839000
A87: CÔNG TY CỔ PHẦN TẬP ĐOÀN SUNHOUSE | B87: 0101976905 | C87: 1C24TUV | D87: 518 | E87: 45579 | F87: 846593 | G87: 67727 | H87: 914320 | I87: 1C25TUV | J87: 00002584 | K87: 45808 | L87: 115444 | M87: 9236 | N87: 124680 | U87: 962037 | V87: 76963 | W87: 1039000
A88: CÔNG TY TNHH THƯƠNG MẠI DỊCH VỤ DIGI-TRAN | B88: 0314404490 | C88: 1C24TUV | D88: 523 | E88: 45581 | F88: 1532500 | G88: 122600 | H88: 1655100 | I88: 1C25TUV | J88: 00002586 | K88: 45808 | L88: 170278 | M88: 13622 | N88: 183900 | U88: 1702778 | V88: 136222 | W88: 1839000
A89: CÔNG TY TNHH THƯƠNG MẠI DỊCH VỤ DU LỊCH TÀI PHƯỚC THÀNH | B89: 1801510068 | C89: 1C24TUV | D89: 524 | E89: 45581 | F89: 2283333 | G89: 182667 | H89: 2466000 | I89: 1C25TUV | J89: 00002629 | K89: 45808 | L89: 231852 | M89: 18548 | N89: 250400 | U89: 2515185 | V89: 201215 | W89: 2716400
A90: CÔNG TY TNHH DU LỊCH & SỰ KIỆN PHƯỢNG HOÀNG | B90: 0315568491 | C90: 1C24TUV | D90: 526 | E90: 45582 | F90: 1532500 | G90: 122600 | H90: 1655100 | I90: 1C25TUV | J90: 00002630 | K90: 45808 | L90: 170278 | M90: 13622 | N90: 183900 | U90: 1702778 | V90: 136222 | W90: 1839000
A91: CÔNG TY CỔ PHẦN DU LỊCH VÀ ĐẦU TƯ MELI CLUB | B91: 0318344789 | C91: 1C24TUV | D91: 530 | E91: 45586 | F91: 846593 | G91: 67727 | H91: 914320 | I91: 1C25TUV | J91: 00002631 | K91: 45808 | L91: 115444 | M91: 9236 | N91: 124680 | U91: 962037 | V91: 76963 | W91: 1039000
A92: CÔNG TY TNHH THƯƠNG MẠI DỊCH VỤ DIGI-TRAN | B92: 0314404490 | C92: 1C24TUV | D92: 531 | E92: 45586 | F92: 1517593 | G92: 121407 | H92: 1639000 | I92: 1C25TUV | J92: 00002587 | K92: 45808 | L92: 185185 | M92: 14815 | N92: 200000 | U92: 1702778 | V92: 136222 | W92: 1839000
A93: CÔNG TY TNHH DỊCH VỤ TRUYỀN THÔNG DTC | B93: 0109997537 | C93: 1C24TUV | D93: 534 | E93: 45587 | F93: 2026556 | G93: 162124 | H93: 2188680 | I93: 1C25TUV | J93: 00002642 | K93: 45808 | L93: 176222 | M93: 14098 | N93: 190320 | U93: 2202778 | V93: 176222 | W93: 2379000
A94: CÔNG TY TNHH INTEL PRODUCTS VIỆT NAM | B94: 0304295429 | C94: 1C24TUV | D94: 538 | E94: 45591 | F94: 1531037 | G94: 122483 | H94: 1653520 | I94: 1C25TUV | J94: 00002588 | K94: 45808 | L94: 208778 | M94: 16702 | N94: 225480 | U94: 1739815 | V94: 139185 | W94: 1879000
A95: CÔNG TY TNHH TRUYỀN THÔNG VÀ SỰ KIỆN NEW SKY | B95: 0318232274 | C95: 1C24TUV | D95: 539 | E95: 45595 | F95: 2187176 | G95: 174974 | H95: 2362150 | I95: 1C25TUV | J95: 00002633 | K95: 45808 | L95: 385972 | M95: 30878 | N95: 416850 | U95: 2573148 | V95: 205852 | W95: 2779000
A96: CÔNG TY TNHH HUGE-FAM | B96: 0315259091 | C96: 1C24TUV | D96: 540 | E96: 45595 | F96: 443519 | G96: 35482 | H96: 479001 | U96: 443519 | V96: 35482 | W96: 479001
A97: CÔNG TY TNHH HI-LEVEL ENTERPRISE | B97: 3702501637 | C97: 1C24TUV | D97: 541 | E97: 45595 | F97: 834907 | G97: 66793 | H97: 901700 | I97: 1C25TUV | J97: 00002634 | K97: 45808 | L97: -31203 | M97: -2496 | N97: -33699 | U97: 803704 | V97: 64297 | W97: 868001
A98: CÔNG TY TNHH MỘT THÀNH VIÊN PHẠM NGÂN NHI | B98: 0401699508 | C98: 1C24TUV | D98: 542 | E98: 45595 | F98: 4035185 | G98: 322815 | H98: 4358000 | U98: 4035185 | V98: 322815 | W98: 4358000
A99: CÔNG TY TNHH XUẤT NHẬP KHẨU GOLDEN SUCCESS | B99: 0318401003 | C99: 1C24TUV | D99: 563 | E99: 45603 | F99: 5008037 | G99: 400643 | H99: 5408680 | I99: 1C25TUV | J99: 00002171 | K99: 45807 | L99: 435482 | M99: 34839 | N99: 470321 | U99: 5443519 | V99: 435482 | W99: 5879001
A100: VIỆN KHOA HỌC CÔNG NGHỆ VÀ KINH TẾ XÂY DỰNG HÀ NỘI | B100: 0100731483 | C100: 1C24TUV | D100: 564 | E100: 45603 | F100: 3823148 | G100: 305852 | H100: 4129000 | I100: 1C25TUV | J100: 00002172 | K100: 45807 | L100: 231482 | M100: 18519 | N100: 250001 | U100: 4054630 | V100: 324371 | W100: 4379001
...

Sheet HD cty 2025
A1: STT | B1: Ký hiệu mẫu số | C1: Ký hiệu hóa đơn | D1: Tháng | E1: Số hóa đơn | F1: Ngày lập | G1: MST người bán/MST người xuất hàng | H1: Tên người bán/Tên người xuất hàng | I1: MST người mua/MST người nhận hàng | J1: Tên người mua/Tên người nhận hàng | K1: Địa chỉ người mua | L1: Căn cước công dân | M1: Tổng tiền chưa thuế | N1: Tổng tiền thuế | O1: Tổng tiền chiết khấu thương mại | P1: Tổng tiền thanh toán | Q1: Trạng thái hóa đơn | R1: Kết quả kiểm tra hóa đơn
A2: 2 | B2: 1 | C2: C25MUV | D2: 12 | E2: 24164 | F2: 45992 | G2: 316520076 | H2: CÔNG TY CỔ PHẦN CÔNG NGHỆ UVGREEN | I2: 318272478 | J2: CÔNG TY TNHH SIMMI FOOD | K2: 68 Cao Triều Phát, Phú Mỹ Hưng, phường Tân Hưng , Thành phố Hồ Chí Minh | M2: 1,996,297.0 | N2: 159,704.0 | O2: 0 | P2: 2,156,001.0 | Q2: Hóa đơn mới | R2: Cục Thuế đã nhận hóa đơn có mã khởi tạo từ máy tính tiền
A3: 86 | B3: 1 | C3: C25MUV | D3: 12 | E3: 24248 | F3: 45992 | G3: 316520076 | H3: CÔNG TY CỔ PHẦN CÔNG NGHỆ UVGREEN | I3: 319185531 | J3: CÔNG TY TNHH PHÒNG KHÁM VẠN AN MỘC | K3: 602/58 ĐIỆN BIÊN PHỦ, PHƯỜNG THẠNH MỸ TÂY, THÀNH PHỐ HỒ CHÍ MINH | M3: 1,589,815.0 | N3: 127,185.0 | O3: 0 | P3: 1,717,000.0 | Q3: Hóa đơn mới | R3: Cục Thuế đã nhận hóa đơn có mã khởi tạo từ máy tính tiền
A4: 269 | B4: 1 | C4: C25MUV | D4: 12 | E4: 24431 | F4: 45992 | G4: 316520076 | H4: CÔNG TY CỔ PHẦN CÔNG NGHỆ UVGREEN | I4: 314125659 | J4: CÔNG TY CỔ PHẦN ĐẦU TƯ XÂY DỰNG SKYLINE | K4: Số 30 Đường số 02, Phường An Lạc, Thành phố Hồ Chí Minh, Việt Nam | M4: 1,369,444.0 | N4: 109,556.0 | O4: 0 | P4: 1,479,000.0 | Q4: Hóa đơn mới | R4: Cục Thuế đã nhận hóa đơn có mã khởi tạo từ máy tính tiền
A5: 270 | B5: 1 | C5: C25MUV | D5: 12 | E5: 24432 | F5: 45993 | G5: 316520076 | H5: CÔNG TY CỔ PHẦN CÔNG NGHỆ UVGREEN | I5: 315793560 | J5: CÔNG TY TNHH SẢN XUẤT VÀ ĐẦU TƯ AKIA | K5: 132 Võ Thị Sáu, Phường Xuân Hòa, TP Hồ Chí Minh, Việt Nam. | M5: 7,646,668.0 | N5: 611,732.0 | O5: 0 | P5: 8,258,400.0 | Q5: Hóa đơn mới | R5: Cục Thuế đã nhận hóa đơn có mã khởi tạo từ máy tính tiền
A6: 373 | B6: 1 | C6: C25MUV | D6: 12 | E6: 24535 | F6: 45993 | G6: 316520076 | H6: CÔNG TY CỔ PHẦN CÔNG NGHỆ UVGREEN | I6: 107322137 | J6: CÔNG TY TNHH THE CORE PRODUCTIONS | K6: Số 65 ngõ 266 phố Đội Cấn, phường Cống Vị, quận Ba Đình, thành phố Hà Nội | M6: 3,058,575.0 | N6: 244,686.0 | O6: 0 | P6: 3,303,261.0 | Q6: Hóa đơn mới | R6: Cục Thuế đã nhận hóa đơn có mã khởi tạo từ máy tính tiền
A7: 436 | B7: 1 | C7: C25MUV | D7: 12 | E7: 24598 | F7: 45995 | G7: 316520076 | H7: CÔNG TY CỔ PHẦN CÔNG NGHỆ UVGREEN | I7: 0315003501-001 | J7: CHI NHÁNH CÔNG TY TNHH MÁY MÓC AN ĐỨC | K7: Lô DC38, Số 48, Đường D11, Khu dân cư Việt- Sing, Khu phố 4, Phường Thuận An, TP Hồ Chí Minh, Việt Nam | M7: 591,666.0 | N7: 47,333.0 | O7: 0 | P7: 638,999.0 | Q7: Hóa đơn mới | R7: Cục Thuế đã nhận hóa đơn có mã khởi tạo từ máy tính tiền
A8: 486 | B8: 1 | C8: C25MUV | D8: 12 | E8: 24648 | F8: 45995 | G8: 316520076 | H8: CÔNG TY CỔ PHẦN CÔNG NGHỆ UVGREEN | I8: 111216290 | J8: Công Ty TNHH MTV Học Viện Cộng Đồng Quốc Tế | K8: Số 20 ngõ 165 Cầu Giấy | M8: 5,591,666.0 | N8: 447,333.0 | O8: 0 | P8: 6,038,999.0 | Q8: Hóa đơn mới | R8: Cục Thuế đã nhận hóa đơn có mã khởi tạo từ máy tính tiền
A9: 594 | B9: 1 | C9: C25MUV | D9: 12 | E9: 24756 | F9: 45995 | G9: 316520076 | H9: CÔNG TY CỔ PHẦN CÔNG NGHỆ UVGREEN | I9: 109231340 | J9: CÔNG TY TNHH VẬN TẢI VÀ THƯƠNG MẠI TÀI THÔNG | K9: Số 9 Ngõ 65, Phố Vân Hồ 3, Phường Hai Bà Trưng, TP Hà Nội, Việt Nam | M9: 2,260,255.0 | N9: 180,820.0 | O9: 0 | P9: 2,441,075.0 | Q9: Hóa đơn mới | R9: Cục Thuế đã nhận hóa đơn có mã khởi tạo từ máy tính tiền
A10: 595 | B10: 1 | C10: C25MUV | D10: 12 | E10: 24757 | F10: 45995 | G10: 316520076 | H10: CÔNG TY CỔ PHẦN CÔNG NGHỆ UVGREEN | I10: 315793560 | J10: CÔNG TY TNHH SẢN XUẤT VÀ ĐẦU TƯ AKIA | K10: 132 Võ Thị Sáu, Phường Xuân Hòa, TP Hồ Chí Minh, Việt Nam. | M10: 6,528,000.0 | N10: 522,240.0 | O10: 0 | P10: 7,050,240.0 | Q10: Hóa đơn mới | R10: Cục Thuế đã nhận hóa đơn có mã khởi tạo từ máy tính tiền
A11: 1022 | B11: 1 | C11: C25MUV | D11: 12 | E11: 25184 | F11: 45997 | G11: 316520076 | H11: CÔNG TY CỔ PHẦN CÔNG NGHỆ UVGREEN | I11: 319252795 | J11: Công Ty TNHH LITTLE CAM | K11: 115/3 Trần Quốc Thảo , phường Xuân Hòà ,tp Hồ Chí Minh, Việt Nam | M11: 499,073.0 | N11: 39,926.0 | O11: 0 | P11: 538,999.0 | Q11: Hóa đơn mới | R11: Cục Thuế đã nhận hóa đơn có mã khởi tạo từ máy tính tiền
A12: 1069 | B12: 1 | C12: C25MUV | D12: 12 | E12: 25231 | F12: 45999 | G12: 316520076 | H12: CÔNG TY CỔ PHẦN CÔNG NGHỆ UVGREEN | I12: 310839155 | J12: CÔNG TY TNHH XÂY DỰNG NĐT VÀ T | K12: Phòng 301, Số 79 Đường A4, Phường Bảy Hiền, TP Hồ Chí Minh, Việt Nam. | M12: 313,889.0 | N12: 25,111.0 | O12: 0 | P12: 339,000.0 | Q12: Hóa đơn mới | R12: Cục Thuế đã nhận hóa đơn có mã khởi tạo từ máy tính tiền
A13: 1070 | B13: 1 | C13: C25MUV | D13: 12 | E13: 25232 | F13: 45999 | G13: 316520076 | H13: CÔNG TY CỔ PHẦN CÔNG NGHỆ UVGREEN | I13: 3603983210 | J13: CÔNG TY TNHH THƯƠNG MẠI XE MÁY PHÚC LỘC 68 | K13: Số 1B, khu phố 12, Phường Tam Hiệp, Đồng Nai, Việt Nam. | M13: 3,536,111.0 | N13: 282,889.0 | O13: 0 | P13: 3,819,000.0 | Q13: Hóa đơn mới | R13: Cục Thuế đã nhận hóa đơn có mã khởi tạo từ máy tính tiền
A14: 1071 | B14: 1 | C14: C25MUV | D14: 12 | E14: 25233 | F14: 45999 | G14: 316520076 | H14: CÔNG TY CỔ PHẦN CÔNG NGHỆ UVGREEN | I14: 312392923 | J14: CÔNG TY CỔ PHẦN SENSE OF LIFE | K14: Số 36 Đường số 1, Phường Khánh Hội, TP Hồ Chí Minh, Việt Nam. | M14: 1,153,704.0 | N14: 92,296.0 | O14: 0 | P14: 1,246,000.0 | Q14: Hóa đơn mới | R14: Cục Thuế đã nhận hóa đơn có mã khởi tạo từ máy tính tiền
A15: 1483 | B15: 1 | C15: C25MUV | D15: 12 | E15: 25645 | F15: 46000 | G15: 316520076 | H15: CÔNG TY CỔ PHẦN CÔNG NGHỆ UVGREEN | I15: 402164551 | J15: CÔNG TY TNHH THƯƠNG MẠI VÀ DỊCH VỤ HÀO TƯỜNG | K15: 63 Nguyễn Công Hãng, Phường An Khê, TP Đà Nẵng, Việt Nam. | M15: 2,813,889.0 | N15: 225,111.0 | O15: 0 | P15: 3,039,000.0 | Q15: Hóa đơn thay thế | R15: Cục Thuế đã nhận hóa đơn có mã khởi tạo từ máy tính tiền
A16: 1592 | B16: 1 | C16: C25MUV | D16: 12 | E16: 25754 | F16: 46001 | G16: 316520076 | H16: CÔNG TY CỔ PHẦN CÔNG NGHỆ UVGREEN | I16: 315793560 | J16: CÔNG TY TNHH SẢN XUẤT VÀ ĐẦU TƯ AKIA | K16: 132 Võ Thị Sáu, Phường Xuân Hòa, TP Hồ Chí Minh, Việt Nam. | M16: 11,938,000.0 | N16: 955,040.0 | O16: 0 | P16: 12,893,040.0 | Q16: Hóa đơn mới | R16: Cục Thuế đã nhận hóa đơn có mã khởi tạo từ máy tính tiền
A17: 1593 | B17: 1 | C17: C25MUV | D17: 12 | E17: 25755 | F17: 46001 | G17: 316520076 | H17: CÔNG TY CỔ PHẦN CÔNG NGHỆ UVGREEN | I17: 315793560 | J17: CÔNG TY TNHH SẢN XUẤT VÀ ĐẦU TƯ AKIA | K17: 132 Võ Thị Sáu, Phường Xuân Hòa, TP Hồ Chí Minh, Việt Nam. | M17: 5,970,000.0 | N17: 477,600.0 | O17: 0 | P17: 6,447,600.0 | Q17: Hóa đơn mới | R17: Cục Thuế đã nhận hóa đơn có mã khởi tạo từ máy tính tiền
A18: 1594 | B18: 1 | C18: C25MUV | D18: 12 | E18: 25756 | F18: 46001 | G18: 316520076 | H18: CÔNG TY CỔ PHẦN CÔNG NGHỆ UVGREEN | I18: 315793560 | J18: CÔNG TY TNHH SẢN XUẤT VÀ ĐẦU TƯ AKIA | K18: 132 Võ Thị Sáu, Phường Xuân Hòa, TP Hồ Chí Minh, Việt Nam. | M18: 578,987.0 | N18: 46,319.0 | O18: 0 | P18: 625,306.0 | Q18: Hóa đơn mới | R18: Cục Thuế đã nhận hóa đơn có mã khởi tạo từ máy tính tiền
A19: 1793 | B19: 1 | C19: C25MUV | D19: 12 | E19: 25955 | F19: 46002 | G19: 316520076 | H19: CÔNG TY CỔ PHẦN CÔNG NGHỆ UVGREEN | I19: 319252795 | J19: Công Ty TNHH LITTLE CAM | K19: 60/1 Lê Thị Riêng, Phường Phạm Ngũ Lão, Quận 1, Thành phố Hồ Chí Minh 10000 | M19: 499,074.0 | N19: 39,926.0 | O19: 0 | P19: 539,000.0 | Q19: Hóa đơn mới | R19: Cục Thuế đã nhận hóa đơn có mã khởi tạo từ máy tính tiền
... A21: 1795 | B21: 1 | C21: C25MUV | D21: 12 | E21: 25957 | F21: 46002 | G21: 316520076 | H21: CÔNG TY CỔ PHẦN CÔNG NGHỆ UVGREEN | I21: 318388031 | J21: CÔNG TY TNHH DJWORKS | K21: 85 Hoàng Sa, Phường Tân Định, TP Hồ Chí Minh, Việt Nam. | M21: 474,573.0 | N21: 37,966.0 | O21: 0 | P21: 512,539.0 | Q21: Hóa đơn mới | R21: Cục Thuế đã nhận hóa đơn có mã khởi tạo từ máy tính tiền
A22: 2063 | B22: 1 | C22: C25MUV | D22: 12 | E22: 26225 | F22: 46003 | G22: 316520076 | H22: CÔNG TY CỔ PHẦN CÔNG NGHỆ UVGREEN | I22: 0312151237-002 | J22: CHI NHÁNH CÔNG TY TNHH AUTOGRILL VFS F&B TẠI CAM RANH | K22: Khu cách ly ga đi quốc nội (gần gate số 1) tại sân bay Cam Ranh, Phường Bắc Cam Ranh, Khánh Hòa, Việt Nam. | M22: 471,950.0 | N22: 37,756.0 | O22: 0 | P22: 509,706.0 | Q22: Hóa đơn mới | R22: Cục Thuế đã nhận hóa đơn có mã khởi tạo từ máy tính tiền
A23: 2064 | B23: 1 | C23: C25MUV | D23: 12 | E23: 26226 | F23: 46003 | G23: 316520076 | H23: CÔNG TY CỔ PHẦN CÔNG NGHỆ UVGREEN | I23: 319185531 | J23: Công ty TNHH PHÒNG KHÁM VẠN AN MỘC | K23: 602/58 Điện Biên Phủ, Phường Thạnh Mỹ Tây, Thành phố Hồ Chí Minh | M23: 643,116.0 | N23: 51,449.0 | O23: 0 | P23: 694,565.0 | Q23: Hóa đơn mới | R23: Cục Thuế đã nhận hóa đơn có mã khởi tạo từ máy tính tiền
A24: 2179 | B24: 1 | C24: C25MUV | D24: 12 | E24: 26341 | F24: 46003 | G24: 316520076 | H24: CÔNG TY CỔ PHẦN CÔNG NGHỆ UVGREEN | I24: 4001091085 | J24: Doanh Nghiệp TN Du Lịch An Phát | K24: 301 Nguyễn Duy Hiệu, phường Hội An, Đà Nẵng, Việt Nam | M24: 2,813,889.0 | N24: 225,111.0 | O24: 0 | P24: 3,039,000.0 | Q24: Hóa đơn mới | R24: Cục Thuế đã nhận hóa đơn có mã khởi tạo từ máy tính tiền
A25: 3072 | B25: 1 | C25: C25MUV | D25: 12 | E25: 27234 | F25: 46006 | G25: 316520076 | H25: CÔNG TY CỔ PHẦN CÔNG NGHỆ UVGREEN | I25: 110635002 | J25: Công ty TNHH Thang máy và nội thất My Home | K25: 140 Võ Chí Công, Xuân La, Tây Hồ, Hà Nội | M25: 2,554,146.0 | N25: 204,332.0 | O25: 0 | P25: 2,758,478.0 | Q25: Hóa đơn mới | R25: Cục Thuế đã nhận hóa đơn có mã khởi tạo từ máy tính tiền
A26: 3112 | B26: 1 | C26: C25MUV | D26: 12 | E26: 27274 | F26: 46006 | G26: 316520076 | H26: CÔNG TY CỔ PHẦN CÔNG NGHỆ UVGREEN | I26: 316847681 | J26: Công ty TNHH Dịch Vụ KUNOICHI | K26: Số 8A/3B2 Đường Thái Văn Lung, Phường Sài Gòn, Thành phố Hồ Chí Minh, Việt Nam | M26: 2,813,889.0 | N26: 225,111.0 | O26: 0 | P26: 3,039,000.0 | Q26: Hóa đơn mới | R26: Cục Thuế đã nhận hóa đơn có mã khởi tạo từ máy tính tiền
A27: 3121 | B27: 1 | C27: C25MUV | D27: 12 | E27: 27283 | F27: 46006 | G27: 316520076 | H27: CÔNG TY CỔ PHẦN CÔNG NGHỆ UVGREEN | I27: 312459208 | J27: Công ty TNHH MSP | K27: 95/6/1 Đường Lương Định Của, Khu Phố 3 , Phường An Khánh, Thành phố Hồ Chí Minh, Việt Nam | M27: 5,627,778.0 | N27: 450,222.0 | O27: 0 | P27: 6,078,000.0 | Q27: Hóa đơn mới | R27: Cục Thuế đã nhận hóa đơn có mã khởi tạo từ máy tính tiền
A28: 3585 | B28: 1 | C28: C25MUV | D28: 12 | E28: 27747 | F28: 46006 | G28: 316520076 | H28: CÔNG TY CỔ PHẦN CÔNG NGHỆ UVGREEN | I28: 3603983210 | J28: CÔNG TY TNHH THƯƠNG MẠI XE MÁY PHÚC LỘC 68 | K28: Số 1B, khu phố 12, Phường Tam Hiệp, Tỉnh Đồng Nai, Việt Nam | M28: 5,536,111.0 | N28: 442,889.0 | O28: 0 | P28: 5,979,000.0 | Q28: Hóa đơn mới | R28: Cục Thuế đã nhận hóa đơn có mã khởi tạo từ máy tính tiền
A29: 3586 | B29: 1 | C29: C25MUV | D29: 12 | E29: 27748 | F29: 46006 | G29: 316520076 | H29: CÔNG TY CỔ PHẦN CÔNG NGHỆ UVGREEN | I29: 3603983210 | J29: CÔNG TY TNHH THƯƠNG MẠI XE MÁY PHÚC LỘC 68 | K29: Số 1B, khu phố 12, Phường Tam Hiệp, Tỉnh Đồng Nai, Việt Nam | M29: 2,813,888.0 | N29: 225,111.0 | O29: 0 | P29: 3,038,999.0 | Q29: Hóa đơn mới | R29: Cục Thuế đã nhận hóa đơn có mã khởi tạo từ máy tính tiền
A30: 4281 | B30: 1 | C30: C25MUV | D30: 12 | E30: 28443 | F30: 46007 | G30: 316520076 | H30: CÔNG TY CỔ PHẦN CÔNG NGHỆ UVGREEN | I30: 319204826 | J30: CÔNG TY CỔ PHẦN DƯỢC PHẨM BLOOMED | K30: 166 Cao Lỗ, Phường Chánh Hưng, TP Hồ Chí Minh, Việt Nam. | M30: 998,148.0 | N30: 79,852.0 | O30: 0 | P30: 1,078,000.0 | Q30: Hóa đơn thay thế | R30: Cục Thuế đã nhận hóa đơn có mã khởi tạo từ máy tính tiền
A31: 4282 | B31: 1 | C31: C25MUV | D31: 12 | E31: 28444 | F31: 46007 | G31: 316520076 | H31: CÔNG TY CỔ PHẦN CÔNG NGHỆ UVGREEN | I31: 2301016007 | J31: Công ty TNHH Đầu tư và Thương mại Khánh Phát | K31: Khu K15, phường Kinh Bắc, Tỉnh Bắc Ninh, Việt Nam | M31: 675,000.0 | N31: 54,000.0 | O31: 0 | P31: 729,000.0 | Q31: Hóa đơn mới | R31: Cục Thuế đã nhận hóa đơn có mã khởi tạo từ máy tính tiền
A32: 4283 | B32: 1 | C32: C25MUV | D32: 12 | E32: 28445 | F32: 46007 | G32: 316520076 | H32: CÔNG TY CỔ PHẦN CÔNG NGHỆ UVGREEN | I32: 110803916 | J32: CÔNG TY TNHH TM ECOTOP | K32: NV1-2 Lô 3 ngõ 885 Tam Trinh, Phường Hoàng Mai, Thành phố Hà Nội | M32: 1,147,221.0 | N32: 91,778.0 | O32: 0 | P32: 1,238,999.0 | Q32: Hóa đơn mới | R32: Cục Thuế đã nhận hóa đơn có mã khởi tạo từ máy tính tiền
A33: 4561 | B33: 1 | C33: C25MUV | D33: 12 | E33: 28723 | F33: 46007 | G33: 316520076 | H33: CÔNG TY CỔ PHẦN CÔNG NGHỆ UVGREEN | I33: 2301290352 | J33: CÔNG TY TNHH TM&DV VẬN TẢI NAMI | K33: Thửa đất số 212, tờ bản đồ 24, Khu phố Xuân Thuỷ, Phường Quế Tân, Thị xã Quế Võ, Tỉnh Bắc Ninh | M33: 2,813,889.0 | N33: 225,111.0 | O33: 0 | P33: 3,039,000.0 | Q33: Hóa đơn mới | R33: Cục Thuế đã nhận hóa đơn có mã khởi tạo từ máy tính tiền
A34: 4562 | B34: 1 | C34: C25MUV | D34: 12 | E34: 28724 | F34: 46007 | G34: 316520076 | H34: CÔNG TY CỔ PHẦN CÔNG NGHỆ UVGREEN | I34: 108194537 | J34: CÔNG TY TNHH KINH DOANH VÀ ĐẦU TƯ TOÀN CẦU 3K FOREST | K34: số 113, ngõ 217 đường Trần Phú, Phường Văn Quán, Quận Hà Đông, Hà Nội | M34: 2,813,889.0 | N34: 225,111.0 | O34: 0 | P34: 3,039,000.0 | Q34: Hóa đơn mới | R34: Cục Thuế đã nhận hóa đơn có mã khởi tạo từ máy tính tiền
... A63: 8658 | B63: 1 | C63: C25MUV | D63: 12 | E63: 32961 | F63: 46014 | G63: 316520076 | H63: CÔNG TY CỔ PHẦN CÔNG NGHỆ UVGREEN | I63: 110347318 | J63: Công ty trách nhiệm hữu hạn kỹ thuật Sông Lam | K63: Tầng2, toà nhà kim ánh, số 1 ngõ 78 phố Duy Tân, phường cầu giấy, thành phố Hà Nội | M63: 2,813,889.0 | N63: 225,111.0 | O63: 0 | P63: 3,039,000.0 | Q63: Hóa đơn mới | R63: Cục Thuế đã nhận hóa đơn có mã khởi tạo từ máy tính tiền
A64: 8661 | B64: 1 | C64: C25MUV | D64: 12 | E64: 32964 | F64: 46015 | G64: 316520076 | H64: CÔNG TY CỔ PHẦN CÔNG NGHỆ UVGREEN | I64: 0302286281-025 | J64: CHI NHÁNH CÔNG TY CỔ PHẦN THƯƠNG MẠI NGUYỄN KIM - TRUNG TÂM KHO VẬN HẬU MÃI NGUYỄN KIM HÀ NỘI | K64: Lô C1, Kho TNL, 386 Nguyễn Văn Linh, Khu Công Nghiệp Hà Nội - Đài Tư, Phường Phúc Lợi, Thành phố Hà Nội, Việt Nam | M64: 18,055,555.0 | N64: 1,444,444.0 | O64: 0 | P64: 19,499,999.0 | Q64: Hóa đơn mới | R64: Cục Thuế đã nhận hóa đơn có mã khởi tạo từ máy tính tiền
A65: 8662 | B65: 1 | C65: C25MUV | D65: 12 | E65: 32965 | F65: 46015 | G65: 316520076 | H65: CÔNG TY CỔ PHẦN CÔNG NGHỆ UVGREEN | I65: 107342895 | J65: CÔNG TY TNHH MISSO | K65: BT5A-1, Tiểu khu đô thị Vạn Phúc, Phường Hà Đông, Thành phố Hà Nội, Việt Nam | M65: 3,128,596.0 | N65: 250,288.0 | O65: 0 | P65: 3,378,884.0 | Q65: Hóa đơn thay thế | R65: Cục Thuế đã nhận hóa đơn có mã khởi tạo từ máy tính tiền
A66: 9158 | B66: 1 | C66: C25MUV | D66: 12 | E66: 33494 | F66: 46017 | G66: 316520076 | H66: CÔNG TY CỔ PHẦN CÔNG NGHỆ UVGREEN | I66: 108050704 | J66: CÔNG TY CP GIÁO DỤC VƯƠN TẦM TRI THỨC | K66: Số nhà 58, Ngõ 99/110/23, Phố Định Công Hạ, Phường Định Công, TP Hà Nội, Việt Nam. | M66: 2,813,889.0 | N66: 225,111.0 | O66: 0 | P66: 3,039,000.0 | Q66: Hóa đơn mới | R66: Cục Thuế đã nhận hóa đơn có mã khởi tạo từ máy tính tiền
A67: 9159 | B67: 1 | C67: C25MUV | D67: 12 | E67: 33495 | F67: 46017 | G67: 316520076 | H67: CÔNG TY CỔ PHẦN CÔNG NGHỆ UVGREEN | I67: 107342895 | J67: CÔNG TY TNHH MISSO | K67: BT5A-1, Tiểu khu đô thị Vạn Phúc, Phường Hà Đông, Thành phố Hà Nội, Việt Nam | M67: 3,128,703.0 | N67: 250,296.0 | O67: 0 | P67: 3,378,999.0 | Q67: Hóa đơn mới | R67: Cục Thuế đã nhận hóa đơn có mã khởi tạo từ máy tính tiền
A68: 9233 | B68: 1 | C68: C25MUV | D68: 12 | E68: 33575 | F68: 46017 | G68: 316520076 | H68: CÔNG TY CỔ PHẦN CÔNG NGHỆ UVGREEN | I68: 317022556 | J68: CÔNG TY TNHH MỸ PHẨM BEAUTYWORLD | K68: B20 Khu Villa Mỹ Mỹ, Đường Nguyễn Hoàng, Phường Bình Trưng, Thành phố Hồ Chí Minh, Việt Nam | M68: 1,215,381.0 | N68: 97,231.0 | O68: 0 | P68: 1,312,612.0 | Q68: Hóa đơn mới | R68: Cục Thuế đã nhận hóa đơn có mã khởi tạo từ máy tính tiền
A69: 9450 | B69: 1 | C69: C25MUV | D69: 12 | E69: 33806 | F69: 46018 | G69: 316520076 | H69: CÔNG TY CỔ PHẦN CÔNG NGHỆ UVGREEN | I69: 315793560 | J69: CÔNG TY TNHH SẢN XUẤT VÀ ĐẦU TƯ AKIA | K69: 132 Võ Thị Sáu, Phường Xuân Hòa, TP Hồ Chí Minh, Việt Nam. | M69: 11,166,667.0 | N69: 893,333.0 | O69: 0 | P69: 12,060,000.0 | Q69: Hóa đơn mới | R69: Cục Thuế đã nhận hóa đơn có mã khởi tạo từ máy tính tiền
A70: 9451 | B70: 1 | C70: C25MUV | D70: 12 | E70: 33807 | F70: 46018 | G70: 316520076 | H70: CÔNG TY CỔ PHẦN CÔNG NGHỆ UVGREEN | I70: 315793560 | J70: CÔNG TY TNHH SẢN XUẤT VÀ ĐẦU TƯ AKIA | K70: 132 Võ Thị Sáu, Phường Xuân Hòa, TP Hồ Chí Minh, Việt Nam. | M70: 8,234,000.0 | N70: 658,720.0 | O70: 0 | P70: 8,892,720.0 | Q70: Hóa đơn mới | R70: Cục Thuế đã nhận hóa đơn có mã khởi tạo từ máy tính tiền
A71: 9452 | B71: 1 | C71: C25MUV | D71: 12 | E71: 33808 | F71: 46018 | G71: 316520076 | H71: CÔNG TY CỔ PHẦN CÔNG NGHỆ UVGREEN | I71: 315793560 | J71: CÔNG TY TNHH SẢN XUẤT VÀ ĐẦU TƯ AKIA | K71: 132 Võ Thị Sáu, Phường Xuân Hòa, TP Hồ Chí Minh, Việt Nam. | M71: 7,196,640.0 | N71: 575,732.0 | O71: 0 | P71: 7,772,372.0 | Q71: Hóa đơn mới | R71: Cục Thuế đã nhận hóa đơn có mã khởi tạo từ máy tính tiền
A72: 9671 | B72: 1 | C72: C25MUV | D72: 12 | E72: 34037 | F72: 46020 | G72: 316520076 | H72: CÔNG TY CỔ PHẦN CÔNG NGHỆ UVGREEN | I72: 314549619 | J72: CÔNG TY TNHH QUỐC TẾ MTD | K72: 183-185 Xuân Hồng, Khu phố 8, Phường Bảy Hiền, TP Hồ Chí Minh, Việt Nam. | M72: 499,074.0 | N72: 39,926.0 | O72: 0 | P72: 539,000.0 | Q72: Hóa đơn thay thế | R72: Cục Thuế đã nhận hóa đơn có mã khởi tạo từ máy tính tiền
A73: 9672 | B73: 1 | C73: C25MUV | D73: 12 | E73: 34038 | F73: 46020 | G73: 316520076 | H73: CÔNG TY CỔ PHẦN CÔNG NGHỆ UVGREEN | I73: 314549619 | J73: CÔNG TY TNHH QUỐC TẾ MTD | K73: 183-185 Xuân Hồng, Khu phố 8, Phường Bảy Hiền, TP Hồ Chí Minh, Việt Nam. | M73: 499,074.0 | N73: 39,926.0 | O73: 0 | P73: 539,000.0 | Q73: Hóa đơn thay thế | R73: Cục Thuế đã nhận hóa đơn có mã khởi tạo từ máy tính tiền
A74: 9673 | B74: 1 | C74: C25MUV | D74: 12 | E74: 34039 | F74: 46020 | G74: 316520076 | H74: CÔNG TY CỔ PHẦN CÔNG NGHỆ UVGREEN | I74: 314549619 | J74: CÔNG TY TNHH QUỐC TẾ MTD | K74: 183-185 Xuân Hồng, Khu phố 8, Phường Bảy Hiền, TP Hồ Chí Minh, Việt Nam. | M74: 499,074.0 | N74: 39,926.0 | O74: 0 | P74: 539,000.0 | Q74: Hóa đơn thay thế | R74: Cục Thuế đã nhận hóa đơn có mã khởi tạo từ máy tính tiền
A75: 9721 | B75: 1 | C75: C25MUV | D75: 12 | E75: 34090 | F75: 46020 | G75: 316520076 | H75: CÔNG TY CỔ PHẦN CÔNG NGHỆ UVGREEN | I75: 315793560 | J75: CÔNG TY TNHH SẢN XUẤT VÀ ĐẦU TƯ AKIA | K75: 132 Võ Thị Sáu, Phường Xuân Hòa, TP Hồ Chí Minh, Việt Nam. | M75: 12,954,667.0 | N75: 1,036,373.0 | O75: 0 | P75: 13,991,040.0 | Q75: Hóa đơn mới | R75: Cục Thuế đã nhận hóa đơn có mã khởi tạo từ máy tính tiền
A76: 9722 | B76: 1 | C76: C25MUV | D76: 12 | E76: 34091 | F76: 46020 | G76: 316520076 | H76: CÔNG TY CỔ PHẦN CÔNG NGHỆ UVGREEN | I76: 315793560 | J76: CÔNG TY TNHH SẢN XUẤT VÀ ĐẦU TƯ AKIA | K76: 132 Võ Thị Sáu, Phường Xuân Hòa, TP Hồ Chí Minh, Việt Nam. | M76: 11,459,334.0 | N76: 916,746.0 | O76: 0 | P76: 12,376,080.0 | Q76: Hóa đơn mới | R76: Cục Thuế đã nhận hóa đơn có mã khởi tạo từ máy tính tiền
... A85: 83 | B85: 1 | C85: C25MUV | D85: 11 | E85: 19743 | F85: 45962 | G85: 316520076 | H85: CÔNG TY CỔ PHẦN CÔNG NGHỆ UVGREEN | I85: 316364500 | J85: Công ty TNHH MTV VISTA LAW | K85: 14 Trương Quyền, Phường Xuân Hoà, Thành phố Hồ Chí Minh, Việt Nam | M85: 499,074.0 | N85: 39,926.0 | O85: 0 | P85: 539,000.0 | Q85: Hóa đơn mới | R85: Cục Thuế đã nhận hóa đơn có mã khởi tạo từ máy tính tiền
A86: 84 | B86: 1 | C86: C25MUV | D86: 11 | E86: 19744 | F86: 45962 | G86: 316520076 | H86: CÔNG TY CỔ PHẦN CÔNG NGHỆ UVGREEN | I86: 0318014533-001 | J86: CHI NHÁNH CÔNG TY CỔ PHẦN F&B AND ENTERTAINMENTS LUMIERE HOLDING | K86: L1-09CD, Trung Tâm Thương Mại A&B Central Square, Số 44 Trần Phú, Phường Nha Trang, Tỉnh Khánh Hòa, Việt Nam | M86: 499,074.0 | N86: 39,926.0 | O86: 0 | P86: 539,000.0 | Q86: Hóa đơn mới | R86: Cục Thuế đã nhận hóa đơn có mã khởi tạo từ máy tính tiền
A87: 500 | B87: 1 | C87: C25MUV | D87: 11 | E87: 20160 | F87: 45965 | G87: 316520076 | H87: CÔNG TY CỔ PHẦN CÔNG NGHỆ UVGREEN | I87: 315793560 | J87: CÔNG TY TNHH SẢN XUẤT VÀ ĐẦU TƯ AKIA | K87: 132 Võ Thị Sáu, Phường Xuân Hòa, TP Hồ Chí Minh, Việt Nam. | M87: 4,635,653.0 | N87: 370,853.0 | O87: 0 | P87: 5,006,506.0 | Q87: Hóa đơn mới | R87: Cục Thuế đã nhận hóa đơn có mã khởi tạo từ máy tính tiền
A88: 816 | B88: 1 | C88: C25MUV | D88: 11 | E88: 20476 | F88: 45968 | G88: 316520076 | H88: CÔNG TY CỔ PHẦN CÔNG NGHỆ UVGREEN | I88: 307899531 | J88: CÔNG TY TNHH THƯƠNG MẠI DỊCH VỤ CẨM THÀNH | K88: 3C6 Nam Long, Khu Phố 35, Phường An Phú Đông, TP Hồ Chí Minh, Việt Nam. | M88: 868,519.0 | N88: 69,481.0 | O88: 0 | P88: 938,000.0 | Q88: Hóa đơn mới | R88: Cục Thuế đã nhận hóa đơn có mã khởi tạo từ máy tính tiền
A89: 817 | B89: 1 | C89: C25MUV | D89: 11 | E89: 20477 | F89: 45968 | G89: 316520076 | H89: CÔNG TY CỔ PHẦN CÔNG NGHỆ UVGREEN | I89: 315793560 | J89: CÔNG TY TNHH SẢN XUẤT VÀ ĐẦU TƯ AKIA | K89: 132 Võ Thị Sáu, Phường Xuân Hòa, TP Hồ Chí Minh, Việt Nam. | M89: 5,029,814.0 | N89: 402,385.0 | O89: 0 | P89: 5,432,199.0 | Q89: Hóa đơn mới | R89: Cục Thuế đã nhận hóa đơn có mã khởi tạo từ máy tính tiền
A90: 971 | B90: 1 | C90: C25MUV | D90: 11 | E90: 20631 | F90: 45969 | G90: 316520076 | H90: CÔNG TY CỔ PHẦN CÔNG NGHỆ UVGREEN | I90: 0302286281-019 | J90: CHI NHÁNH CÔNG TY CỔ PHẦN THƯƠNG MẠI NGUYỄN KIM - TRUNG TÂM KINH DOANH KHO VẬN HẬU MÃI NGUYỄN KIM | K90: 63 - 65 - 67 Trần Hưng Đạo, Phường Bến Thành, TP Hồ Chí Minh, Việt Nam. | M90: 23,773,152.0 | N90: 1,901,852.0 | O90: 0 | P90: 25,675,004.0 | Q90: Hóa đơn mới | R90: Cục Thuế đã nhận hóa đơn có mã khởi tạo từ máy tính tiền
A91: 972 | B91: 1 | C91: C25MUV | D91: 11 | E91: 20632 | F91: 45969 | G91: 316520076 | H91: CÔNG TY CỔ PHẦN CÔNG NGHỆ UVGREEN | I91: 0302286281-075 | J91: CHI NHÁNH CÔNG TY CỔ PHẦN THƯƠNG MẠI NGUYỄN KIM - TRUNG TÂM KHO VẬN HẬU MÃI NGUYỄN KIM SÓNG THẦN | K91: số 191/2, đường DT743B, khu phố Thống Nhất 2, Phường Dĩ An, TP Hồ Chí Minh, Việt Nam. | M91: 34,606,478.0 | N91: 2,768,518.0 | O91: 0 | P91: 37,374,996.0 | Q91: Hóa đơn mới | R91: Cục Thuế đã nhận hóa đơn có mã khởi tạo từ máy tính tiền
A92: 973 | B92: 1 | C92: C25MUV | D92: 11 | E92: 20633 | F92: 45969 | G92: 316520076 | H92: CÔNG TY CỔ PHẦN CÔNG NGHỆ UVGREEN | I92: 0302286281-075 | J92: CHI NHÁNH CÔNG TY CỔ PHẦN THƯƠNG MẠI NGUYỄN KIM - TRUNG TÂM KHO VẬN HẬU MÃI NGUYỄN KIM SÓNG THẦN | K92: số 191/2, đường DT743B, khu phố Thống Nhất 2, Phường Dĩ An, TP Hồ Chí Minh, Việt Nam. | M92: 17,685,187.0 | N92: 1,414,815.0 | O92: 0 | P92: 19,100,002.0 | Q92: Hóa đơn mới | R92: Cục Thuế đã nhận hóa đơn có mã khởi tạo từ máy tính tiền
A93: 974 | B93: 1 | C93: C25MUV | D93: 11 | E93: 20634 | F93: 45969 | G93: 316520076 | H93: CÔNG TY CỔ PHẦN CÔNG NGHỆ UVGREEN | I93: 312107333 | J93: CÔNG TY TNHH SẢN XUẤT THƯƠNG MẠI CHẤN KHANG | K93: 74-74B Cao Thắng, Phường Bàn Cờ, Thành Phố Hồ Chí Minh, Việt Nam | M93: 499,074.0 | N93: 39,926.0 | O93: 0 | P93: 539,000.0 | Q93: Hóa đơn mới | R93: Cục Thuế đã nhận hóa đơn có mã khởi tạo từ máy tính tiền
A94: 1366 | B94: 1 | C94: C25MUV | D94: 11 | E94: 21026 | F94: 45971 | G94: 316520076 | H94: CÔNG TY CỔ PHẦN CÔNG NGHỆ UVGREEN | I94: 2100708495 | J94: CÔNG TY TNHH DỊCH VỤ DU LỊCH VÀ TƯ VẤN MINH ĐĂNG | K94: Thửa đất số 3353, tờ bản đồ số 54, Quốc lộ 53, Khóm Đa Cần, Phường Hòa Thuận, Tỉnh Vĩnh Long | M94: 2,779,468.0 | N94: 222,357.0 | O94: 0 | P94: 3,001,825.0 | Q94: Hóa đơn mới | R94: Cục Thuế đã nhận hóa đơn có mã khởi tạo từ máy tính tiền
A95: 1606 | B95: 1 | C95: C25MUV | D95: 11 | E95: 21266 | F95: 45973 | G95: 316520076 | H95: CÔNG TY CỔ PHẦN CÔNG NGHỆ UVGREEN | I95: 0302286281-025 | J95: CHI NHÁNH CÔNG TY CỔ PHẦN THƯƠNG MẠI NGUYỄN KIM - TRUNG TÂM KHO VẬN HẬU MÃI NGUYỄN KIM HÀ NỘI | K95: Lô C1, Kho TNL, 386 Nguyễn Văn Linh, Khu Công Nghiệp Hà Nội, Phường Phúc Lợi, TP Hà Nội, Việt Nam. | M95: 32,349,535.0 | N95: 2,587,963.0 | O95: 0 | P95: 34,937,498.0 | Q95: Hóa đơn mới | R95: Cục Thuế đã nhận hóa đơn có mã khởi tạo từ máy tính tiền
A96: 1607 | B96: 1 | C96: C25MUV | D96: 11 | E96: 21267 | F96: 45973 | G96: 316520076 | H96: CÔNG TY CỔ PHẦN CÔNG NGHỆ UVGREEN | I96: 0302286281-025 | J96: CHI NHÁNH CÔNG TY CỔ PHẦN THƯƠNG MẠI NGUYỄN KIM - TRUNG TÂM KHO VẬN HẬU MÃI NGUYỄN KIM HÀ NỘI | K96: Lô C1, Kho TNL, 386 Nguyễn Văn Linh, Khu Công Nghiệp Hà Nội, Phường Phúc Lợi, TP Hà Nội, Việt Nam. | M96: 12,203,705.0 | N96: 976,296.0 | O96: 0 | P96: 13,180,001.0 | Q96: Hóa đơn mới | R96: Cục Thuế đã nhận hóa đơn có mã khởi tạo từ máy tính tiền
A97: 1654 | B97: 1 | C97: C25MUV | D97: 11 | E97: 21314 | F97: 45973 | G97: 316520076 | H97: CÔNG TY CỔ PHẦN CÔNG NGHỆ UVGREEN | I97: 316092769 | J97: CÔNG TY CỔ PHẦN THƯƠNG MẠI KỸ THUẬT CÔNG NGHỆ G20 | K97: Số 10 Tôn Thất Thuyết, Phường Xóm Chiếu, TP Hồ Chí Minh, Việt Nam | M97: 2,813,889.0 | N97: 225,111.0 | O97: 0 | P97: 3,039,000.0 | Q97: Hóa đơn mới | R97: Cục Thuế đã nhận hóa đơn có mã khởi tạo từ máy tính tiền
A98: 1718 | B98: 1 | C98: C25MUV | D98: 11 | E98: 21378 | F98: 45973 | G98: 316520076 | H98: CÔNG TY CỔ PHẦN CÔNG NGHỆ UVGREEN | I98: 310922300 | J98: CÔNG TY CP GIÁM ĐỊNH KHỬ TRÙNG VIETNAMCONTROL | K98: 136 Lê Đình Cẩn, Phường Tân Tạo, TP Hồ Chí Minh | M98: 2,443,518.0 | N98: 195,481.0 | O98: 0 | P98: 2,638,999.0 | Q98: Hóa đơn mới | R98: Cục Thuế đã nhận hóa đơn có mã khởi tạo từ máy tính tiền
A99: 1833 | B99: 1 | C99: C25MUV | D99: 11 | E99: 21493 | F99: 45973 | G99: 316520076 | H99: CÔNG TY CỔ PHẦN CÔNG NGHỆ UVGREEN | I99: 315793560 | J99: CÔNG TY TNHH SẢN XUẤT VÀ ĐẦU TƯ AKIA | K99: 132 Võ Thị Sáu, Phường Xuân Hòa, TP Hồ Chí Minh, Việt Nam. | M99: 15,402,666.0 | N99: 1,232,214.0 | O99: 0 | P99: 16,634,880.0 | Q99: Hóa đơn mới | R99: Cục Thuế đã nhận hóa đơn có mã khởi tạo từ máy tính tiền
A100: 1834 | B100: 1 | C100: C25MUV | D100: 11 | E100: 21494 | F100: 45973 | G100: 316520076 | H100: CÔNG TY CỔ PHẦN CÔNG NGHỆ UVGREEN | I100: 315793560 | J100: CÔNG TY TNHH SẢN XUẤT VÀ ĐẦU TƯ AKIA | K100: 132 Võ Thị Sáu, Phường Xuân Hòa, TP Hồ Chí Minh, Việt Nam. | M100: 7,673,333.0 | N100: 613,867.0 | O100: 0 | P100: 8,287,200.0 | Q100: Hóa đơn mới | R100: Cục Thuế đã nhận hóa đơn có mã khởi tạo từ máy tính tiền
A101: 1835 | B101: 1 | C101: C25MUV | D101: 11 | E101: 21495 | F101: 45973 | G101: 316520076 | H101: CÔNG TY CỔ PHẦN CÔNG NGHỆ UVGREEN | I101: 315793560 | J101: CÔNG TY TNHH SẢN XUẤT VÀ ĐẦU TƯ AKIA | K101: 132 Võ Thị Sáu, Phường Xuân Hòa, TP Hồ Chí Minh, Việt Nam. | M101: 6,714,667.0 | N101: 537,173.0 | O101: 0 | P101: 7,251,840.0 | Q101: Hóa đơn mới | R101: Cục Thuế đã nhận hóa đơn có mã khởi tạo từ máy tính tiền
A102: 1850 | B102: 1 | C102: C25MUV | D102: 11 | E102: 21510 | F102: 45974 | G102: 316520076 | H102: CÔNG TY CỔ PHẦN CÔNG NGHỆ UVGREEN | I102: 307899531 | J102: CÔNG TY TNHH THƯƠNG MẠI DỊCH VỤ CẨM THÀNH | K102: 3C6 Nam Long, Khu Phố 35, Phường An Phú Đông, TP Hồ Chí Minh, Việt Nam. | M102: 434,259.0 | N102: 34,741.0 | O102: 0 | P102: 469,000.0 | Q102: Hóa đơn mới | R102: Cục Thuế đã nhận hóa đơn có mã khởi tạo từ máy tính tiền
A103: 2132 | B103: 1 | C103: C25MUV | D103: 11 | E103: 21792 | F103: 45975 | G103: 316520076 | H103: CÔNG TY CỔ PHẦN CÔNG NGHỆ UVGREEN | I103: 315793560 | J103: CÔNG TY TNHH SẢN XUẤT VÀ ĐẦU TƯ AKIA | K103: 132 Võ Thị Sáu, Phường Xuân Hòa, TP Hồ Chí Minh, Việt Nam. | M103: 4,849,333.0 | N103: 387,947.0 | O103: 0 | P103: 5,237,280.0 | Q103: Hóa đơn mới | R103: Cục Thuế đã nhận hóa đơn có mã khởi tạo từ máy tính tiền
A104: 2320 | B104: 1 | C104: C25MUV | D104: 11 | E104: 21980 | F104: 45975 | G104: 316520076 | H104: CÔNG TY CỔ PHẦN CÔNG NGHỆ UVGREEN | I104: 318226288 | J104: CÔNG TY TNHH THỜI TRANG HUYAN | K104: P 18-17, Tầng 18, TN The Nexus, Số 3A-3B, Đ. Tôn Đức Thắng, Phường Sài Gòn, Thành Phố Hồ Chí Minh, Việt Nam | M104: 499,074.0 | N104: 39,926.0 | O104: 0 | P104: 539,000.0 | Q104: Hóa đơn mới | R104: Cục Thuế đã nhận hóa đơn có mã khởi tạo từ máy tính tiền
A105: 2849 | B105: 1 | C105: C25MUV | D105: 11 | E105: 22509 | F105: 45978 | G105: 316520076 | H105: CÔNG TY CỔ PHẦN CÔNG NGHỆ UVGREEN | I105: 319222871 | J105: Công ty TNHH BW House | K105: 169/5 Võ Thị Sáu, Phường Xuân Hoà, TPHCM | M105: 998,146.0 | N105: 79,852.0 | O105: 0 | P105: 1,077,998.0 | Q105: Hóa đơn mới | R105: Cục Thuế đã nhận hóa đơn có mã khởi tạo từ máy tính tiền
A106: 2966 | B106: 1 | C106: C25MUV | D106: 11 | E106: 22626 | F106: 45979 | G106: 316520076 | H106: CÔNG TY CỔ PHẦN CÔNG NGHỆ UVGREEN | I106: 317628749 | J106: CÔNG TY TNHH TM-DV VẠN THÀNH CÔNG | K106: B10/5A, Tổ 10, Ấp 2, Xã Bình Lợi, TP Hồ Chí Minh, Việt Nam. | M106: 2,813,889.0 | N106: 225,111.0 | O106: 0 | P106: 3,039,000.0 | Q106: Hóa đơn thay thế | R106: Cục Thuế đã nhận hóa đơn có mã khởi tạo từ máy tính tiền
A107: 2967 | B107: 1 | C107: C25MUV | D107: 11 | E107: 22627 | F107: 45979 | G107: 316520076 | H107: CÔNG TY CỔ PHẦN CÔNG NGHỆ UVGREEN | I107: 317628749 | J107: CÔNG TY TNHH TM-DV VẠN THÀNH CÔNG | K107: B10/5A, Tổ 10, Ấp 2, Xã Bình Lợi, TP Hồ Chí Minh, Việt Nam. | M107: 2,573,148.0 | N107: 205,852.0 | O107: 0 | P107: 2,779,000.0 | Q107: Hóa đơn thay thế | R107: Cục Thuế đã nhận hóa đơn có mã khởi tạo từ máy tính tiền
A108: 3117 | B108: 1 | C108: C25MUV | D108: 11 | E108: 22777 | F108: 45980 | G108: 316520076 | H108: CÔNG TY CỔ PHẦN CÔNG NGHỆ UVGREEN | I108: 315793560 | J108: CÔNG TY TNHH SẢN XUẤT VÀ ĐẦU TƯ AKIA | K108: 132 Võ Thị Sáu, Phường Xuân Hòa, TP Hồ Chí Minh, Việt Nam. | M108: 6,742,667.0 | N108: 539,413.0 | O108: 0 | P108: 7,282,080.0 | Q108: Hóa đơn mới | R108: Cục Thuế đã nhận hóa đơn có mã khởi tạo từ máy tính tiền
... A115: 3431 | B115: 1 | C115: C25MUV | D115: 11 | E115: 23091 | F115: 45983 | G115: 316520076 | H115: CÔNG TY CỔ PHẦN CÔNG NGHỆ UVGREEN | I115: 318487681 | J115: CÔNG TY TNHH LEADO VIỆT NAM | K115: Số 19 đường số 9, khu dân cư Him Lam, Phường Tân Hưng, Thành phố Hồ Chí Minh, Việt Nam | M115: 596,640.0 | N115: 47,731.0 | O115: 0 | P115: 644,371.0 | Q115: Hóa đơn mới | R115: Cục Thuế đã nhận hóa đơn có mã khởi tạo từ máy tính tiền
A116: 3548 | B116: 1 | C116: C25MUV | D116: 11 | E116: 23208 | F116: 45985 | G116: 316520076 | H116: CÔNG TY CỔ PHẦN CÔNG NGHỆ UVGREEN | I116: 318937193 | J116: Công ty TNHH TM DV THE JOY GROUP | M116: 499,074.0 | N116: 39,926.0 | O116: 0 | P116: 539,000.0 | Q116: Hóa đơn mới | R116: Cục Thuế đã nhận hóa đơn có mã khởi tạo từ máy tính tiền
A117: 3549 | B117: 1 | C117: C25MUV | D117: 11 | E117: 23209 | F117: 45985 | G117: 316520076 | H117: CÔNG TY CỔ PHẦN CÔNG NGHỆ UVGREEN | I117: 319209687 | J117: CÔNG TY TNHH THE DAILY GROUP | M117: 2,163,888.0 | N117: 173,111.0 | O117: 0 | P117: 2,336,999.0 | Q117: Hóa đơn mới | R117: Cục Thuế đã nhận hóa đơn có mã khởi tạo từ máy tính tiền
A118: 3727 | B118: 1 | C118: C25MUV | D118: 11 | E118: 23387 | F118: 45986 | G118: 316520076 | H118: CÔNG TY CỔ PHẦN CÔNG NGHỆ UVGREEN | I118: 315793560 | J118: CÔNG TY TNHH SẢN XUẤT VÀ ĐẦU TƯ AKIA | K118: 132 Võ Thị Sáu, Phường Xuân Hòa, TP Hồ Chí Minh, Việt Nam. | M118: 8,714,667.0 | N118: 697,173.0 | O118: 0 | P118: 9,411,840.0 | Q118: Hóa đơn mới | R118: Cục Thuế đã nhận hóa đơn có mã khởi tạo từ máy tính tiền
A119: 3728 | B119: 1 | C119: C25MUV | D119: 11 | E119: 23388 | F119: 45986 | G119: 316520076 | H119: CÔNG TY CỔ PHẦN CÔNG NGHỆ UVGREEN | I119: 302217087 | J119: CÔNG TY CỔ PHẦN ĐẦU TƯ PHAN VŨ | K119: Phòng 3.15 Tầng 3, khu I, The Prince Residence, số 19-21 Nguyễn Văn Trỗi, Phường Phú Nhuận, Thành phố Hồ Chí Minh, Việt Nam | M119: 1,497,222.0 | N119: 119,778.0 | O119: 0 | P119: 1,617,000.0 | Q119: Hóa đơn mới | R119: Cục Thuế đã nhận hóa đơn có mã khởi tạo từ máy tính tiền
A120: 3874 | B120: 1 | C120: C25MUV | D120: 11 | E120: 23534 | F120: 45987 | G120: 316520076 | H120: CÔNG TY CỔ PHẦN CÔNG NGHỆ UVGREEN | I120: 315568621 | J120: CÔNG TY TNHH RHENUS WAREHOUSING SOLUTIONS VIỆT NAM | K120: Tầng 10, Tòa nhà The Nexus, 3A-3B Đường Tôn Đức Thắng, Phường Sài Gòn, TP Hồ Chí Minh, Việt Nam. | M120: 879,630.0 | N120: 70,370.0 | O120: 0 | P120: 950,000.0 | Q120: Hóa đơn mới | R120: Cục Thuế đã nhận hóa đơn có mã khởi tạo từ máy tính tiền
A121: 3877 | B121: 1 | C121: C25MUV | D121: 11 | E121: 23537 | F121: 45987 | G121: 316520076 | H121: CÔNG TY CỔ PHẦN CÔNG NGHỆ UVGREEN | I121: 311731570 | J121: CÔNG TY TNHH KIẾN TRÚC XÂY DỰNG VIỆT AN | K121: Tầng 72, Tòa Nhà Landmark81, Số 720A Điện Biên Phủ, Phường Thạnh Mỹ Tây, Thành phố Hồ Chí Minh, Việt Nam | M121: 1,090,741.0 | N121: 87,259.0 | O121: 0 | P121: 1,178,000.0 | Q121: Hóa đơn mới | R121: Cục Thuế đã nhận hóa đơn có mã khởi tạo từ máy tính tiền
A122: 4031 | B122: 1 | C122: C25MUV | D122: 11 | E122: 23691 | F122: 45988 | G122: 316520076 | H122: CÔNG TY CỔ PHẦN CÔNG NGHỆ UVGREEN | I122: 315793560 | J122: CÔNG TY TNHH SẢN XUẤT VÀ ĐẦU TƯ AKIA | K122: 132 Võ Thị Sáu, Phường Xuân Hòa, TP Hồ Chí Minh, Việt Nam. | M122: 4,181,334.0 | N122: 334,506.0 | O122: 0 | P122: 4,515,840.0 | Q122: Hóa đơn mới | R122: Cục Thuế đã nhận hóa đơn có mã khởi tạo từ máy tính tiền
A123: 4038 | B123: 1 | C123: C25MUV | D123: 11 | E123: 23698 | F123: 45988 | G123: 316520076 | H123: CÔNG TY CỔ PHẦN CÔNG NGHỆ UVGREEN | I123: 314425444 | J123: CÔNG TY TNHH THIẾT KẾ SẢN XUẤT THƯƠNG MẠI NHẬT MINH | K123: 266/43/3A Đường Số 8, Phường Thông Tây Hội, TP Hồ Chí Minh, Việt Nam. | M123: 3,275,000.0 | N123: 262,000.0 | O123: 0 | P123: 3,537,000.0 | Q123: Hóa đơn mới | R123: Cục Thuế đã nhận hóa đơn có mã khởi tạo từ máy tính tiền
A124: 4186 | B124: 1 | C124: C25MUV | D124: 11 | E124: 23846 | F124: 45989 | G124: 316520076 | H124: CÔNG TY CỔ PHẦN CÔNG NGHỆ UVGREEN | I124: 315793560 | J124: CÔNG TY TNHH SẢN XUẤT VÀ ĐẦU TƯ AKIA | K124: 132 Võ Thị Sáu, Phường Xuân Hòa, TP Hồ Chí Minh, Việt Nam. | M124: 4,316,000.0 | N124: 345,280.0 | O124: 0 | P124: 4,661,280.0 | Q124: Hóa đơn mới | R124: Cục Thuế đã nhận hóa đơn có mã khởi tạo từ máy tính tiền
A125: 18 | B125: 1 | C125: C25MUV | D125: 10 | E125: 14923 | F125: 45931 | G125: 316520076 | H125: CÔNG TY CỔ PHẦN CÔNG NGHỆ UVGREEN | I125: 303742924 | J125: CÔNG TY TNHH TÂN SAO Á | K125: Số 149, Đường Phạm Văn Sáng , Ấp 22, Xã Bà Điểm, TP Hồ Chí Minh, Việt Nam. | M125: 444,827.0 | N125: 35,586.0 | O125: 0 | P125: 480,413.0 | Q125: Hóa đơn mới | R125: Cục Thuế đã nhận hóa đơn có mã khởi tạo từ máy tính tiền
A126: 138 | B126: 1 | C126: C25MUV | D126: 10 | E126: 15043 | F126: 45931 | G126: 316520076 | H126: CÔNG TY CỔ PHẦN CÔNG NGHỆ UVGREEN | I126: 3400453105 | J126: CÔNG TY TNHH DU LỊCH TẤN PHÁT | K126: Thôn Kê Gà, Xã Tân Thành,Tỉnh Lâm Đồng | M126: 892,593.0 | N126: 71,407.0 | O126: 0 | P126: 964,000.0 | Q126: Hóa đơn mới | R126: Cục Thuế đã nhận hóa đơn có mã khởi tạo từ máy tính tiền
A127: 482 | B127: 1 | C127: C25MUV | D127: 10 | E127: 15387 | F127: 45934 | G127: 316520076 | H127: CÔNG TY CỔ PHẦN CÔNG NGHỆ UVGREEN | I127: 317476969 | J127: CÔNG TY CỔ PHẦN IBP HOLDINGS | K127: Tầng 5, Tòa nhà Fimexco, số 231-233 Lê Thánh Tôn, Phường Bến Thành, TP Hồ Chí Minh, Việt Nam. | M127: 2,495,372.0 | N127: 199,630.0 | O127: 0 | P127: 2,695,002.0 | Q127: Hóa đơn mới | R127: Cục Thuế đã nhận hóa đơn có mã khởi tạo từ máy tính tiền
A128: 483 | B128: 1 | C128: C25MUV | D128: 10 | E128: 15388 | F128: 45934 | G128: 316520076 | H128: CÔNG TY CỔ PHẦN CÔNG NGHỆ UVGREEN | I128: 3901312384 | J128: Công ty cổ phần sản xuất thương mại T&B | K128: A43, khu phố Thanh Hùng, phường Thanh Điền, tỉnh Tây Ninh | M128: 1,303,704.0 | N128: 104,296.0 | O128: 0 | P128: 1,408,000.0 | Q128: Hóa đơn mới | R128: Cục Thuế đã nhận hóa đơn có mã khởi tạo từ máy tính tiền
A129: 484 | B129: 1 | C129: C25MUV | D129: 10 | E129: 15389 | F129: 45934 | G129: 316520076 | H129: CÔNG TY CỔ PHẦN CÔNG NGHỆ UVGREEN | I129: 312163747 | J129: Công Ty Trách Nhiệm Hữu Hạn Thương Mại Dịch Vụ Linh Trung | K129: 16 đường số 3, Khu phố 2, Phường Linh Xuân, TP Hồ Chí Minh | M129: 730,778.0 | N129: 58,462.0 | O129: 0 | P129: 789,240.0 | Q129: Hóa đơn mới | R129: Cục Thuế đã nhận hóa đơn có mã khởi tạo từ máy tính tiền
... A137: 1954 | B137: 1 | C137: C25MUV | D137: 10 | E137: 16860 | F137: 45944 | G137: 316520076 | H137: CÔNG TY CỔ PHẦN CÔNG NGHỆ UVGREEN | I137: 319115439 | J137: CÔNG TY TNHH SẢN XUẤT VÀ THƯƠNG MẠI DỊCH VỤ HOÀNG GIA THỊNH | K137: 150/3 Lê Lợi Phường 4 Quận Gò Vấp Tp.Hồ Chí Minh | M137: 511,111.0 | N137: 40,889.0 | O137: 0 | P137: 552,000.0 | Q137: Hóa đơn mới | R137: Cục Thuế đã nhận hóa đơn có mã khởi tạo từ máy tính tiền
A138: 2009 | B138: 1 | C138: C25MUV | D138: 10 | E138: 16915 | F138: 45944 | G138: 316520076 | H138: CÔNG TY CỔ PHẦN CÔNG NGHỆ UVGREEN | I138: 0102737963-040 | J138: Công ty Cổ phần Tập đoàn bảo hiểm DBV – Chi nhánh Vạn Xuân | K138: Tầng 17, tòa nhà số 169 Nguyễn Ngọc Vũ, Phường Yên Hòa, TP Hà Nội, Việt Nam. | M138: 2,073,148.0 | N138: 165,852.0 | O138: 0 | P138: 2,239,000.0 | Q138: Hóa đơn thay thế | R138: Cục Thuế đã nhận hóa đơn có mã khởi tạo từ máy tính tiền
A139: 2010 | B139: 1 | C139: C25MUV | D139: 10 | E139: 16916 | F139: 45944 | G139: 316520076 | H139: CÔNG TY CỔ PHẦN CÔNG NGHỆ UVGREEN | I139: 314215951 | J139: CÔNG TY TNHH GIA SƯ ETEACHER | K139: Phòng 1505, Tầng 15, Tòa Nhà Vincom Center, 72 Lê Thánh Tôn, Phường Sài Gòn, Thành phố Hồ Chí Minh, Việt Nam | M139: 2,202,778.0 | N139: 176,222.0 | O139: 0 | P139: 2,379,000.0 | Q139: Hóa đơn mới | R139: Cục Thuế đã nhận hóa đơn có mã khởi tạo từ máy tính tiền
A140: 2214 | B140: 1 | C140: C25MUV | D140: 10 | E140: 17120 | F140: 45945 | G140: 316520076 | H140: CÔNG TY CỔ PHẦN CÔNG NGHỆ UVGREEN | I140: 3901329726 | J140: CÔNG TY TNHH DỊCH VỤ BẢO VỆ CHUYÊN NGHIỆP AE HOÀNG GIA | K140: D19 Khu thương mại Mai Anh, khu phố Lộc An, Phường Trảng Bàng, Tây Ninh, Việt Nam. | M140: 2,073,148.0 | N140: 165,852.0 | O140: 0 | P140: 2,239,000.0 | Q140: Hóa đơn thay thế | R140: Cục Thuế đã nhận hóa đơn có mã khởi tạo từ máy tính tiền
A141: 2595 | B141: 1 | C141: C25MUV | D141: 10 | E141: 17501 | F141: 45947 | G141: 316520076 | H141: CÔNG TY CỔ PHẦN CÔNG NGHỆ UVGREEN | I141: 201276745 | J141: CÔNG TY CỔ PHẦN ĐẦU TƯ THƯƠNG MẠI VÀ XÂY DỰNG GIA PHẠM | K141: Số 197 Quán Rẽ, Xã An Khánh, TP Hải Phòng, Việt Nam | M141: 2,739,815.0 | N141: 219,185.0 | O141: 0 | P141: 2,959,000.0 | Q141: Hóa đơn thay thế | R141: Cục Thuế đã nhận hóa đơn có mã khởi tạo từ máy tính tiền
A142: 3025 | B142: 1 | C142: C25MUV | D142: 10 | E142: 17931 | F142: 45950 | G142: 316520076 | H142: CÔNG TY CỔ PHẦN CÔNG NGHỆ UVGREEN | I142: 315793560 | J142: CÔNG TY TNHH SẢN XUẤT VÀ ĐẦU TƯ AKIA | K142: 132 Võ Thị Sáu, Phường Xuân Hòa, TP Hồ Chí Minh, Việt Nam. | M142: 5,056,481.0 | N142: 404,518.0 | O142: 0 | P142: 5,460,999.0 | Q142: Hóa đơn mới | R142: Cục Thuế đã nhận hóa đơn có mã khởi tạo từ máy tính tiền
A143: 3026 | B143: 1 | C143: C25MUV | D143: 10 | E143: 17932 | F143: 45950 | G143: 316520076 | H143: CÔNG TY CỔ PHẦN CÔNG NGHỆ UVGREEN | I143: 314221507 | J143: CÔNG TY TNHH ĐẦU TƯ VÀ DỊCH VỤ SUNNYLAND | K143: Căn số 00.05, Tầng trệt, Tháp B2, Khu chung cư phức hợp Lô M2 ( Sarimi ) - Số 72 đường Nguyễn Cơ Thạch, Phường An Khánh, Thành phố Hồ Chí Minh, Việt Nam. | M143: 473,519.0 | N143: 37,881.0 | O143: 0 | P143: 511,400.0 | Q143: Hóa đơn mới | R143: Cục Thuế đã nhận hóa đơn có mã khởi tạo từ máy tính tiền
A144: 3474 | B144: 1 | C144: C25MUV | D144: 10 | E144: 18380 | F144: 45953 | G144: 316520076 | H144: CÔNG TY CỔ PHẦN CÔNG NGHỆ UVGREEN | I144: 315793560 | J144: CÔNG TY TNHH SẢN XUẤT VÀ ĐẦU TƯ AKIA | K144: 132 Võ Thị Sáu, Phường Xuân Hòa, TP Hồ Chí Minh, Việt Nam. | M144: 6,981,334.0 | N144: 558,506.0 | O144: 0 | P144: 7,539,840.0 | Q144: Hóa đơn mới | R144: Cục Thuế đã nhận hóa đơn có mã khởi tạo từ máy tính tiền
A145: 3476 | B145: 1 | C145: C25MUV | D145: 10 | E145: 18382 | F145: 45953 | G145: 316520076 | H145: CÔNG TY CỔ PHẦN CÔNG NGHỆ UVGREEN | I145: 3700723994-008 | J145: CHI NHÁNH CÔNG TY TNHH YAKULT VIỆT NAM TẠI TỈNH BÌNH DƯƠNG | K145: Số 365 đường Phú Lợi, tổ 43, khu phố 5,, Phường Phú Lợi, TP Hồ Chí Minh | M145: 170,370.0 | N145: 13,630.0 | O145: 0 | P145: 184,000.0 | Q145: Hóa đơn mới | R145: Cục Thuế đã nhận hóa đơn có mã khởi tạo từ máy tính tiền
A146: 3628 | B146: 1 | C146: C25MUV | D146: 10 | E146: 18534 | F146: 45954 | G146: 316520076 | H146: CÔNG TY CỔ PHẦN CÔNG NGHỆ UVGREEN | I146: 305260845 | J146: CÔNG TY TNHH TM DV KỸ THUẬT BẢO NGHI | K146: 47/94 Trần Quốc Toản, phường Xuân Hoà , TP HCM | M146: 170,370.0 | N146: 13,630.0 | O146: 0 | P146: 184,000.0 | Q146: Hóa đơn mới | R146: Cục Thuế đã nhận hóa đơn có mã khởi tạo từ máy tính tiền
A147: 3827 | B147: 1 | C147: C25MUV | D147: 10 | E147: 18733 | F147: 45955 | G147: 316520076 | H147: CÔNG TY CỔ PHẦN CÔNG NGHỆ UVGREEN | I147: 315799724 | J147: Công ty TNHH thương mại dịch vụ Logistics MSV | K147: 254/41 Dương Quảng Hàm, phường An Nhơn (p. 05,q. Gò Vấp cũ), TP. Hồ Chí Minh | M147: 2,813,889.0 | N147: 225,111.0 | O147: 0 | P147: 3,039,000.0 | Q147: Hóa đơn mới | R147: Cục Thuế đã nhận hóa đơn có mã khởi tạo từ máy tính tiền
A148: 3894 | B148: 1 | C148: C25MUV | D148: 10 | E148: 18800 | F148: 45957 | G148: 316520076 | H148: CÔNG TY CỔ PHẦN CÔNG NGHỆ UVGREEN | I148: 318085848 | J148: Công Ty TNHH Lam Thảo Cosmetics | K148: 49 Trần Hưng Đạo, Phường Tân Sơn Nhì, Thành phố Hồ Chí Minh, Việt Nam | M148: 998,148.0 | N148: 79,852.0 | O148: 0 | P148: 1,078,000.0 | Q148: Hóa đơn mới | R148: Cục Thuế đã nhận hóa đơn có mã khởi tạo từ máy tính tiền
A149: 3949 | B149: 1 | C149: C25MUV | D149: 10 | E149: 18855 | F149: 45957 | G149: 316520076 | H149: CÔNG TY CỔ PHẦN CÔNG NGHỆ UVGREEN | I149: 315799724 | J149: Công ty TNHH thương mại dịch vụ Logistics MSV | K149: 254/41 Dương Quảng Hàm, phường An Nhơn (p. 05,q. Gò Vấp cũ), TP. Hồ Chí Minh | M149: 628,704.0 | N149: 50,296.0 | O149: 0 | P149: 679,000.0 | Q149: Hóa đơn mới | R149: Cục Thuế đã nhận hóa đơn có mã khởi tạo từ máy tính tiền
